213585, Rahandusministeeriumi Infotehnoloogiakeskus, 2020-01-01, "MINDTITAN OÜ", 82810, "Tehisintellekti abil massandmetest efektiivse otsustusmudeli loomine"
215877, Rahandusministeeriumi Infotehnoloogiakeskus, 2019-12-27, "Wisercat Estonia OÜ", 25578, "Riigiabi ja vähese tähtsusega abi registri (RAR) arendusteenus"
215566, Elektrilevi OÜ, 2019-12-31, "", , "ICCP/TASE.2 protocol licenses"
216455, Tallinna Linnaplaneerimise Amet, 2019-12-31, "AA Arendus Osaühing", 54920, "Tallinna maainfosüsteemi arendus- ja hooldustööd"
217293, aktsiaselts Eesti Raudtee, 2020-01-02, "Osaühing GT Tarkvara", 69645.78, "Microsoft Exchange tarkvara tugiteenused 2019-2022"
207629, Elektrilevi OÜ, 2019-12-31, "", , "Mõõtevaradega seotud tööülesannete infosüsteemi või teenuse ost (IK0858) / Purchase of work management solution or service for metering assets (IK0858)"
211492, Tallinna Linnakantselei, 2019-12-17, "Osaühing GT Tarkvara", 837077.4, "Microsofti litsentside rentimine ja ostmine Tallinna haridusasutustele"
207658, Majandus- ja Kommunikatsiooniministeerium, 2020-01-02, "KPMG Baltics OÜ", 38080, "Kohaliku omavalitsuse teenusportaali ja kohaliku omavalitsuse menetlusinfosüsteemi analüüs"
215285, Riigi Tugiteenuste Keskus, 2019-12-13, "AS ÜHISTEENUSED", 50000, "Andmekaitse teenuse tellimine Sotsiaalkindlustusameti büroodele"
211433, Tallinna Linnakantselei, 2020-01-03, "Intelsys OÜ", 218500, "Tallinna linna finantsinfosüsteemi aruandlussüsteemi arendus- ja hooldustööd"
217569, Aktsiaselts Eesti Post, 2020-01-03, "", , "Google Services"
217569, Aktsiaselts Eesti Post, 2020-01-03, "", , "Google Services"
213027, Keskkonnaministeeriumi Infotehnoloogiakeskus, 2020-01-03, "Osaühing IDAKOIDLIK", 147588, "Fluoritud kasvuhoonegaase ja osoonikihti kahandavaid aineid sisaldavate toodete, seadmete, süsteemide ja mahutite ning käitlemistoimingute registri uuendamine"
214469, Riigi Kinnisvara Aktsiaselts, 2019-12-17, "Telia Eesti AS", 720000, "Arvutitöökoht teenusena 2020"
215816, Politsei- ja Piirivalveamet, 2020-01-06, "Defendec OÜ", 350000, "Seiresüsteemi Smartdec hooldus- ja remonttööde tellimine"
214366, Siseministeeriumi infotehnoloogia- ja arenduskeskus, 2020-01-07, "KPMG Baltics OÜ", 600000, "PKI ja ISO:27001 auditite ettevalmistustööde tellimine / Preparation of PKI and ISO:27001 audits"
216434, Tervise ja Heaolu Infosüsteemide Keskus, 2020-01-07, "Industry62 OÜ", 65, "Patsiendi terviseandmete kokkuvõtte andmevahetusteenus"
216411, Eesti Energia Aktsiaselts, 2020-01-06, "", , "SAP Business Objects tootetoe tellimine"
207514, Keskkonnaministeeriumi Infotehnoloogiakeskus, 2020-01-08, "Telia Eesti AS", 5000000, "KEMIT pilvemajutuse teenus 2019-2023"
217794, Siseministeeriumi infotehnoloogia- ja arenduskeskus, 2020-01-07, "Microsoft Estonia OÜ", 166199.2, "Microsoft Premier Support tootetoe tellimine"
210733, Majandus- ja Kommunikatsiooniministeerium, 2020-01-10, "Aktsiaselts Datel", 1750000, "Ehitisregistri arendusteenus 3"
210733, Majandus- ja Kommunikatsiooniministeerium, 2020-01-10, "Osaühing IDAKOIDLIK", 1750000, "Ehitisregistri arendusteenus 3"
210733, Majandus- ja Kommunikatsiooniministeerium, 2020-01-10, "Tieto Estonia Aktsiaselts", 1750000, "Ehitisregistri arendusteenus 3"
216213, Siseministeeriumi infotehnoloogia- ja arenduskeskus, 2020-01-10, "SRINI OÜ", 114944, "2 java nooremarendaja ressurssi ostmine rahvastikuregistri e-teenuste portaali arendustööde teostamiseks"
214362, Riigimetsa Majandamise Keskus, 2019-12-16, "Elisa Eesti AS", 4720, "Valguskaablil põhinev andmesideteenus"
214362, Riigimetsa Majandamise Keskus, 2019-12-20, "Telia Eesti AS", 9100, "Valguskaablil põhinev andmesideteenus"
214362, Riigimetsa Majandamise Keskus, 2019-12-16, "Elisa Eesti AS", 13220, "Valguskaablil põhinev andmesideteenus"
214362, Riigimetsa Majandamise Keskus, 2019-12-16, "Elisa Eesti AS", 4940, "Valguskaablil põhinev andmesideteenus"
214362, Riigimetsa Majandamise Keskus, 2019-12-16, "Elisa Eesti AS", 3720, "Valguskaablil põhinev andmesideteenus"
214362, Riigimetsa Majandamise Keskus, 2019-12-16, "Elisa Eesti AS", 6420, "Valguskaablil põhinev andmesideteenus"
214362, Riigimetsa Majandamise Keskus, 2019-12-20, "Telia Eesti AS", 14200, "Valguskaablil põhinev andmesideteenus"
214362, Riigimetsa Majandamise Keskus, 2019-12-16, "Elisa Eesti AS", 8720, "Valguskaablil põhinev andmesideteenus"
214362, Riigimetsa Majandamise Keskus, 2019-12-16, "Elisa Eesti AS", 5940, "Valguskaablil põhinev andmesideteenus"
214362, Riigimetsa Majandamise Keskus, 2019-12-16, "Elisa Eesti AS", 11220, "Valguskaablil põhinev andmesideteenus"
214362, Riigimetsa Majandamise Keskus, 2019-12-20, "Telia Eesti AS", 2410, "Valguskaablil põhinev andmesideteenus"
214362, Riigimetsa Majandamise Keskus, 2019-12-20, "Telia Eesti AS", 9760, "Valguskaablil põhinev andmesideteenus"
216188, Rahandusministeeriumi Infotehnoloogiakeskus, 2020-01-08, "Osaühing MS Ärisüsteemid", 435953.4, "Majandustarkvara SAP litsentside hooldus- ja tugiteenus"
216188, Rahandusministeeriumi Infotehnoloogiakeskus, 2020-01-08, "Osaühing MS Ärisüsteemid", 217596, "Majandustarkvara SAP litsentside hooldus- ja tugiteenus"
217728, Eesti Rahvusringhääling, 2019-12-20, "Jutel Oy", 79977.92, "Raadioprogrammide tootmistarkvara Radioman tugi- ja hooldusteenuse tellimine"
217345, Aktsiaselts Eesti Post, 2020-01-01, "", , "Content Serveri tootetugi ja litsentsid"
214538, Siseministeeriumi infotehnoloogia- ja arenduskeskus, 2020-01-09, "ByteLife Solutions OÜ", 500000, "VMware toodete, sh litsentside, ostmine ja tootetoe tellimine"
214538, Siseministeeriumi infotehnoloogia- ja arenduskeskus, 2020-01-09, "Santa Monica Networks AS", 500000, "VMware toodete, sh litsentside, ostmine ja tootetoe tellimine"
215629, Siseministeeriumi infotehnoloogia- ja arenduskeskus, 2020-01-11, "ByteLife Solutions OÜ", 240000, "Konfigureerimistarkvara litsentsid ja tootetugi"
217018, Eesti Haigekassa, 2020-01-15, "Intelsys OÜ", 119000, "SAP Rakenduste haldus"
216862, Rahandusministeeriumi Infotehnoloogiakeskus, 2020-01-14, "Cybernetica AS", 409034, "Imporditollideklaratsioonide töötlemise süsteemi (IMPULSS) arendustööd"
216862, Rahandusministeeriumi Infotehnoloogiakeskus, 2020-01-14, "Cybernetica AS", 229666, "Imporditollideklaratsioonide töötlemise süsteemi (IMPULSS) arendustööd"
216862, Rahandusministeeriumi Infotehnoloogiakeskus, 2020-01-14, "Cybernetica AS", 412334, "Imporditollideklaratsioonide töötlemise süsteemi (IMPULSS) arendustööd"
217583, Keskkonnaministeeriumi Infotehnoloogiakeskus, 2020-01-01, "BAE Systems Information and Electronic Systems Integration Inc", 50000, "SOCET tarkvara tugiteenus"
217430, Tervise ja Heaolu Infosüsteemide Keskus, 2020-01-16, "Osaühing Webware", 67000, "Tööinspektsiooni infosüsteemi ja ettevõtja iseteeninduskeskkonna baastarkvara „Webdesktop” arendus- ja hooldustööd ning tugiteenus"
212876, Haridus- ja Teadusministeerium, 2019-12-20, "Intelex Insight OÜ", 200000, "Haridussilma keskkonna arendamine"
214166, Tervise ja Heaolu Infosüsteemide Keskus, 2020-01-17, "Intelex Insight OÜ", 34860, "Sotsiaalkindlustusameti kliendipöördumiste automatiseerimise analüüs ja prototüübi loomine"
215676, Siseministeeriumi infotehnoloogia- ja arenduskeskus, 2020-01-18, "Trinidad Wiseman OÜ", 230000, "Atlassian tootepere toodete litsentsid ning tootetugi"
217713, Tervise ja Heaolu Infosüsteemide Keskus, 2020-01-20, "PlanPro OÜ", 35080, "PlanPro infosüsteemi tugiteenuse pikendamine"
216757, Tervise ja Heaolu Infosüsteemide Keskus, 2020-01-15, "Osaühing IDAKOIDLIK", 34.73, "Vee Terviseohutuse infosüsteemi hooldus- ja arendustööd"
214872, AKTSIASELTS EESTI LOTO, 2019-12-07, "Tieto Estonia Aktsiaselts", 420000, "Loteriisüsteemi integreerimise, migreerimise, arenduse ja tugiteenuste ostmine"
217917, Eesti Raamatukoguvõrgu Konsortsium, 2020-01-23, "Mindworks Industries OÜ", 60000, "Kasutajate halduse (registreerimise ja autentimise) süsteemi tarkvara hooldus"
217459, Riigi Infosüsteemi Amet, 2019-12-27, "Telia Eesti AS", 9601.2, "Serverite toepikendused"
210324, Rae Vallavalitsus, 2020-01-20, "VEERA OÜ", 26147.6, "Rae valla eelarvestamise uus lahendus"
217479, Riigi Infosüsteemi Amet, 2020-01-06, "Santa Monica Networks AS", 8517, "Võrguseadmete toepikendused"
217540, Keskkonnaministeeriumi Infotehnoloogiakeskus, 2020-01-28, "Virtuaalne Keskkond OÜ", 59000, ".NET platvormil Eesti looduse infosüsteemi (EELIS) tarkvara arendus- ja hooldustööd 2020 -2021"
217860, Keskkonnaministeeriumi Infotehnoloogiakeskus, 2020-01-28, "Oracle East Central Europe Limited Eesti filiaal", 37119.96, "Oracle andmebaasi tarkvara litsentside uuendamine ja tugiteenus"
216961, Rakvere Linnavalitsus, 2020-01-09, "Aktsiaselts Eesti Post", 17500, "Rakvere Linnavalitsusele ja Linnavalitsuse hallatavatele asutustele e-arvete haldusteenuse ostmiseks"
217626, Tallinna Ülikool, 2020-01-30, "OÜ Web Expert", 56000, "Erialasid lõimiv uuendus (ELU) infosüsteemi loomine"
216267, Siseministeeriumi infotehnoloogia- ja arenduskeskus, 2020-01-21, "AS Atea", 45466.4, "IBM MQ serverite litsentside tellimine koos tootetoega"
217837, Siseministeeriumi infotehnoloogia- ja arenduskeskus, 2020-01-31, "AS Atea", 37549, "SonarQube litsentsid koos tootetoega aastaks 2020"
218643, Eesti Energia Aktsiaselts, 2020-01-31, "", , "Microsoft tootetoe hankimine"
215554, Enefit Wind OÜ, 2019-12-18, "", , "WWD Tarkvara uuendused / WWD Controller Software Updates"
215161, Enefit Wind OÜ, 2019-11-28, "", , "Aulepa tuulepargi tuulikute kaughaldus / Remote monitoring and remote operation for Aulepa Wind park"
217169, Keskkonnaministeeriumi Infotehnoloogiakeskus, 2020-02-03, "Aktsiaselts Datel", 522300, "Maainfosüsteemi tugiteenuste ostmine"
214507, Registrite ja Infosüsteemide Keskus, 2020-01-30, "OÜ Quretec", 145000, "Muuseumide infosüsteemi ja digitaalhoidla hooldustööde ja lisaarenduste tellimine"
218498, Rahvusarhiiv, 2020-02-04, "osaühing MQ Consulting", 30000, "Digitaalarhiivi tarkvara Preservica seadistamine ning täienduste juurutamine 2020. aastal"
217327, Maanteeamet, 2020-02-04, "Aktsiaselts Teede Tehnokeskus", 19890, "Projekteerimisobjektide ja eelmisel aastal valminud katendite kandevõime mõõtmine ja mõõtmisandmete töötlemine 2020.aastal"
218689, Eesti Pank, 2020-02-04, "Aktsiaselts Stallion", 33985.41, "Veebi ja e-posti andmeturbevahendi hange"
216544, Riigi Infosüsteemi Amet, 2020-02-03, "Nortal AS", 49920, "Riikliku SSO (single-sign-on) tehniline analüüs"
219422, Tartu Ülikool, 2020-02-03, "Osaühing Webware", 20000, "Elektroonilise dokumendihaldussüsteemi Webdesktop tarkvara hooldus- ja arendusteenuse tellimine"
217760, aktsiaselts TALLINNA SADAM, 2020-02-07, "", , "Targa Sadama tarkvara partner 2020-2022"
208657, Tervise ja Heaolu Infosüsteemide Keskus, 2020-02-11, "Industry62 OÜ", 55, "eKiirabi infosüsteemi arendustööd"
219541, Ettevõtluse Arendamise Sihtasutus, 2020-02-05, "E-see lnternational Ltd", 41500, "Toolbox.estonia.ee platvormi litsents 2020-2022"
218786, Siseministeeriumi infotehnoloogia- ja arenduskeskus, 2020-02-10, "Oracle East Central Europe Limited Eesti filiaal", 260124.05, "Oracle litsentside tootetugi"
214848, Maanteeamet, 2020-02-12, "MINDTITAN OÜ", 54700, "Liiklusõnnetuste prognoosimudeli loomise eelanalüüs, sh prototüübi loomine ja loodava mudeli prognoosimisvõime hindamine"
218014, Siseministeeriumi infotehnoloogia- ja arenduskeskus, 2020-02-12, "MINDTITAN OÜ", 64000, "Tarkvaralise lahenduse: Häirekeskuse ohuhinnangute andmise abimees, arendustööd"
216633, Põllumajanduse Registrite ja Informatsiooni Amet, 2020-02-13, "HEISI IT OÜ", 500000, "Tarkvara programmeerimisteenuste tellimine"
218037, Aktsiaselts Eesti Post, 2020-02-14, "", , "Andmeside teenus"
215980, Eesti Energia Aktsiaselts, 2020-02-13, "", , "Digitaalse assistendi Proof-of-Concept’i (PoC) pilootprojekti tellimine"
218609, Elektrilevi OÜ, 2020-02-18, "", , "MA side automaatplaneerimine 2020"
218390, Saaremaa Vallavalitsus, 2020-02-19, "Krabu Grupp OÜ", 36715, "Avalike sündmuste infoteenuse parendamine Saaremaa vallas"
216751, Kaitseliit, 2020-02-14, "AS Finestmedia", 583550, "Kaitseliidu vabatahtlike infoportaali hankimine"
214097, Veeteede Amet, 2020-02-19, "AgileWorks AS", 407667, "Meremeeste infosüsteemi loomine"
217901, Välisministeerium, 2020-02-20, "Microsoft Estonia OÜ", 108076, "Microsoft Premier tootetoe teenuse ostmine"
215353, aktsiaselts Eesti Raudtee, 2020-02-14, "HxGN Safety &amp; Infrastructure GmbH", 283500, "Geoinfosüsteem (GIS)"
217718, Välisministeerium, 2020-02-20, "UPTIME OÜ", 138000, "SharePoint süsteemide tugi- ja arendusteenus"
215316, Ettevõtluse Arendamise Sihtasutus, 2020-02-21, "osaühing Resta", 200000, "EAS andmeaida infosüsteemi loomine, arendus- ja hooldustööd"
217434, Hariduse Infotehnoloogia Sihtasutus, 2020-02-21, "Gitlab OÜ", 300000.0, "Haridustasemeteülese autentimislahenduse HarID 2.0 arendus- ja hooldustööd"
219167, Tallinna Linnakantselei, 2020-02-27, "Aktsiaselts SPIN TEK", 397200.0, "Avalike teenuste andmekogu arendus-, hooldus- ja majutusteenus"
216926, Tallinna Transpordiamet, 2020-01-17, "Ridango AS", 90000.0, "Tallinn-Helsingi-Tartu pangakaartidega tasutud sõitude ajaloo kuvamine ühtses keskkonnas"
218129, Eesti Pank, 2020-03-02, "AS Ecomatic", 216700.0, "Hooneautomaatika tehnosüsteemide TAC Xenta kontrolleritel põhineva automaatjuhtimissüsteemi arendus- ja hooldustööd"
218581, Tallinna Transpordiamet, 2020-03-02, "RTT Aktsiaselts", 7625.0, "Ühissõidukite sõitjate loendussüsteemi andmete administreerimine"
218598, Tallinna Transpordiamet, 2020-03-02, "RTT Aktsiaselts", 115.0, "Ühissõidukite sõitjate loendussüsteemi riist- ja tarkvara hooldus"
216425, sihtasutus Põhja-Eesti Regionaalhaigla, 2020-03-05, "aktsiaselts MEDISOFT", 40500.0, "Üleriigilise vereteenistuse infosüsteemi eel- ja ärianalüüs"
218245, Kose Vallavalitsus, 2020-02-26, "Aktsiaselts Fujitsu Estonia", 19200.10, "Kose Gümnaasiumi arvutisüsteemi hooldus ja haldamine"
219798, Tallinna Linnakantselei, 2020-03-09, "Tieto Estonia Aktsiaselts", 111800.00, "Infosüsteemi AKTAL arendus, hooldus ja majutus"
216730, Majandus- ja Kommunikatsiooniministeerium, 2020-03-10, "Piksel OÜ", 300000.00, "Lennuohutuse järelevalve infosüsteemi arendus"
219671, sihtasutus Tartu Ülikooli Kliinikum, 2020-03-09, "aktsiaselts Andevis", 71760.00, "Personaliarvestuse tarkvara Virosoft hooldus"
218514, E-riigi Akadeemia Sihtasutus, 2020-03-06, "Mykhaylo Nikolov", 27550.00, "Procurement of Consulting Services on Development of a Web Tool for Applications in Connection wiht the EIS EB subsystem Information System SC ASC (“Vulyk”)"
217432, Tallinna Linnakantselei, 2020-01-31, "Atos IT Solutions and Services Oy Eesti filiaal", 384000.00, "Majandustarkvaral SAP põhineva Tallinna linna finantsinfosüsteemi arendus ja hooldustööd"
219059, Tallinna Linnakantselei, 2020-03-14, "KPMG Baltics OÜ", 40500.00, "Tallinna kinnisvarahalduse infosüsteemi äriinfotehnoloogilise analüüsi ja lähteülesande koostamine"
217057, Keskkonnaministeeriumi Infotehnoloogiakeskus, 2020-03-17, "BrainArt OÜ", 98600.00, "Ilmateenistuse veebilehtede ja rakenduste loomine"
220095, Tervise Arengu Instituut, 2020-03-09, "OÜ Quretec", 222000.00, "ETRA platvormi lisauuendused"
217592, Hariduse Infotehnoloogia Sihtasutus, 2020-03-18, "Trinidad Wiseman OÜ", 600000.00, "Haridusasutuste veebilehtede ühtse platvormi teenuse arendustööd 2020-2024"
217071, Tallinna Tehnikaülikool, 2020-03-17, "Balti Meediamonitooringu Grupp OÜ", 90000.00, "Meediamonitooring"
220224, Tori Vallavalitsus, 2020-03-13, "Sunny IT Teenused OÜ", 5630.00, "ESET viirustõrje pikendamine ja soetus"
214754, Riigimetsa Majandamise Keskus, 2020-02-16, "SRINI OÜ", 1500000.00, "Metsaparanduse planeerimistarkvara arendamine"
219585, Sihtasutus Innove, 2020-03-20, "BlueGlass Interactive OÜ", 59999.00, "Education Nationi kodulehekülje arendamine"
221297, Tervise ja Heaolu Infosüsteemide Keskus, 2020-03-23, "Industry62 OÜ", 100000.00, "Tervise infosüsteemi arendus-ja hooldustööd seoses eriolukorraga"
219786, Ettevõtluse Arendamise Sihtasutus, 2020-03-23, "Telia Eesti AS", 34472.00, "HP seadmete tootetugi"
218587, Sihtasutus Eesti Meremuuseum, 2020-03-25, "TM Development osaühing", 28900.00, "Digitaalne Läänemere-teemaline õpimäng põhikooli II ja III astmele"
219772, Eesti Energia Aktsiaselts, 2020-03-20, "", , "Varunduslahenduse tootetoe ost"
215458, Majandus- ja Kommunikatsiooniministeerium, 2019-12-18, "Civitta Eesti AS", 34950.00, "Halduskoormuse kaardistamise, mõõtmise, monitoorimise ja prognoosimise analüüsi ja tööriista väljatöötamise hange"
218092, Elering AS, 2020-03-23, "", , "Maaomanike, töövõtjate ja võrguteenuse klientide infosüsteemi MTV arendus- ja hooldusteenused"
221541, Tervise ja Heaolu Infosüsteemide Keskus, 2020-03-30, "HEISI IT OÜ", 50000.00, "Arstiportaali arendus- ja hooldustööd seoses eriolukorraga"
220556, Ettevõtluse Arendamise Sihtasutus, 2020-03-30, "Wolves of Analytics OÜ", 35000.00, "Veebianalüütika analüüsi- ja nõustamisteenus"
211308, Kaitseliit, 2020-03-27, "Clarified Security OÜ", 39675.00, "Kaitseliidu liikmete infoportaali turvatestimine"
218797, SIHTASUTUS ERAMETSAKESKUS, 2020-03-30, "Tieto Estonia Aktsiaselts", 75360.00, "EMKIS infosüsteemi majutusteenuste ostmine"
214918, Majandus- ja Kommunikatsiooniministeerium, 2020-03-31, "Ruumab OÜ", 144480.00, "EHR-i elukondlike ehitiste ehitusaasta andmehõive"
219918, Tallinna Linnaplaneerimise Amet, 2020-04-01, "osaühing BPW Consulting", 150040.00, "TALLINNA PLANEERINGUTE REGISTRI PLANEERINGUTE OSA KASUTAJATUGI, HOOLDUS- JA ARENDUSTÖÖD"
199438, Riigi Kaitseinvesteeringute Keskus, 2020-04-01, "GuardTime OÜ", 2180000.00, "NATO Cyber Range WP2 - Automaatjuhtimissüsteem"
220443, E-riigi Akadeemia Sihtasutus, 2020-04-01, "Agile Development LLC", 40000.00, "Services of quality assessment of new modules (functions) of the Trembita system components (Ukraine)"
220380, E-riigi Akadeemia Sihtasutus, 2020-03-27, "LLC "Institute of Computer Technologies"", 58000.00, "Services on improvement of the information security system of the Trembita system (Ukraine)"
220274, Tallinna Keskkonna- ja Kommunaalamet, 2020-03-12, "OÜ ELIKO Tehnoloogia Arenduskeskus", 308472.00, "Tänavavalgustuse juhtimise tarkvara SmartELI hooldus- ja arendusteenuse tellimine"
219170, Tallinna Keskkonna- ja Kommunaalamet, 2020-03-11, "Cityntel OÜ", 35832.90, "Tänavavalgustuse juhtimise tarkvara Lumoflex City CMS hooldus- ja arendusteenuse tellimine"
221208, Tallinna Keskkonna- ja Kommunaalamet, 2020-03-27, "OSAÜHING PENTE TARKVARA", 22000.00, "IT tugiteenuse osutamine MicroStation keskkonnas töötavale teeregistri programmile „Tiit”"
219697, Sihtasutus Keskkonnainvesteeringute Keskus, 2020-04-02, "Osaühing Webware", 101400.00, "Dokumendihaldussüsteemi ost, juurutamine, andmete ületoomine, hooldus ja arendustööd"
220326, Aktsiaselts Eesti Post, 2020-04-07, "", , "Andmelao arendusressurss"
218821, Keskkonnaministeeriumi Infotehnoloogiakeskus, 2020-04-06, "DataFruit OÜ", 100000.00, "Analüüsitarkvara litsentside ostmine"
220101, Tallinna Linnakantselei, 2020-04-03, "Osaühing MS Ärisüsteemid", 947385.60, "Majandustarkvara SAP litsentside tugiteenus"
218649, Riigi Kaitseinvesteeringute Keskus, 2020-04-07, "Upmind OÜ", 138000.00, "GoPro arendus- ja hooldustööd"
215594, Elektrilevi OÜ, 2020-04-13, "", , "Elektrilevi OÜ operatiivjuhtimise sidesüsteemi haldusteenuse osutamine"
221957, Saue Vallavalitsus, 2020-04-09, "Piksel OÜ", 40000.00, "Saue valla haridusteenuste haldamise infosüsteemi ARNO arendustöö hankimine 2020. aastal"
218902, Majandus- ja Kommunikatsiooniministeerium, 2020-04-15, "Fitek EDI", 56000.00, "E-Veoselehe prototüübi valmistamine ja testimine"
216137, Tervise ja Heaolu Infosüsteemide Keskus, 2020-04-13, "OÜ Quretec", 197806.00, "Tervise Infosüsteemi andmeedastusstandardite loomise keskkond"
217714, Keskkonnaministeeriumi Infotehnoloogiakeskus, 2020-04-15, "Krabu Grupp OÜ", 56700.00, "Riigihange ärinalüüsi teostamiseks “Objekti kontrollimise andmekogu süsteemile OKAS”"
221044, Elering AS, 2020-04-16, "", , "Projektihaldus tarkvara arendus- ja hooldusteenused II"
219879, Elering AS, 2020-04-17, "", , "Optilise taristu kaardistamine"
214847, Tervise ja Heaolu Infosüsteemide Keskus, 2020-04-18, "Industry62 OÜ", 1500000.00, "Ravimiameti infosüsteemi Samtrack arendus- ja hooldustööd"
217746, Rahandusministeeriumi Infotehnoloogiakeskus, 2020-04-14, "Cybernetica AS", 833333.33, "Eesti Tollitariifistiku (ETT+) infosüsteemi arendus- ja hooldusteenus"
221475, Tallinn Dolls OÜ, 2020-04-15, "Bright Bit OÜ", 24800.00, "Kangaste digitaliseerimise lahendus"
221773, Tallinna Linnakantselei, 2020-04-22, "EKTACO AKTSIASELTS", 311824.00, "Tallinna linna ühtse kassasüsteemi hooldus- ja arendustööde tellimine"
219123, Keskkonnaministeeriumi Infotehnoloogiakeskus, 2020-04-23, "Brockmann Consult GmbH", 38800.00, "Riikliku satelliidiandmete keskuse (ESTHub) tugiteenuste ostmine"
220448, aktsiaselts Eesti Raudtee, 2020-04-22, "AS Finestmedia", 250000.00, "Vedude Juhtimise Süsteemi ja Juhtimiskeskuse infosüsteemi arendus- ja hooldustööd"
220448, aktsiaselts Eesti Raudtee, 2020-04-22, "Tieto Estonia Aktsiaselts", 250000.00, "Vedude Juhtimise Süsteemi ja Juhtimiskeskuse infosüsteemi arendus- ja hooldustööd"
220448, aktsiaselts Eesti Raudtee, 2020-04-24, "AS CGI Eesti", 250000.00, "Vedude Juhtimise Süsteemi ja Juhtimiskeskuse infosüsteemi arendus- ja hooldustööd"
220448, aktsiaselts Eesti Raudtee, 2020-04-27, "Union FinTech OÜ", 250000.00, "Vedude Juhtimise Süsteemi ja Juhtimiskeskuse infosüsteemi arendus- ja hooldustööd"
221767, Tervise ja Heaolu Infosüsteemide Keskus, 2020-04-27, "Avatud Lahendused OÜ", 35.00, "Ravimiameti tegevuslubade registri arendus- ja hooldustööd"
220718, Riigi Infosüsteemi Amet, 2020-04-29, "Nortal AS", 352000.00, "Üleminek eIDAS-Node versioonile 2.x ja Riigi autentimisteenuse (TARA) platvormi vahetus"
221182, Tallinna Linnakantselei, 2020-04-30, "Telia Eesti AS", 1006237.24, "Tallinna DHS Postipoiss arendus-, hooldus- ja majutusteenus"
218566, Hariduse Infotehnoloogia Sihtasutus, 2020-04-30, "Osaühing Net Group", 750000.00, "Sisseastumise infosüsteemi arendustööd"
216623, Rahandusministeeriumi Infotehnoloogiakeskus, 2020-04-30, "OÜ Quretec", 1500000.00, "Riigi kinnisvararegistri (RKVR) arendus- ja hooldusteenus"
218945, Tervise ja Heaolu Infosüsteemide Keskus, 2020-04-09, "Trinidad Wiseman OÜ", 350000.00, "Atlassiani tooteperekonna tooted"
220455, Eesti Pank, 2020-04-30, "Santa Monica Networks AS", 117465.00, "Cisco võrguseadmete hooldus"
217195, Põllumajanduse Registrite ja Informatsiooni Amet, 2020-05-04, "AS Finestmedia", 5000000.00, "Java tehnoloogiatel põhinevate tarkvarade arendus- ja hooldusteenuste tellimine raamlepingu alusel"
217195, Põllumajanduse Registrite ja Informatsiooni Amet, 2020-05-04, "AS CGI Eesti", 5000000.00, "Java tehnoloogiatel põhinevate tarkvarade arendus- ja hooldusteenuste tellimine raamlepingu alusel"
217195, Põllumajanduse Registrite ja Informatsiooni Amet, 2020-05-04, "AKTSIASELTS HELMES", 5000000.00, "Java tehnoloogiatel põhinevate tarkvarade arendus- ja hooldusteenuste tellimine raamlepingu alusel"
216283, Eesti Perearstide Selts, 2020-05-04, "Iglu OÜ", 80000.00, "Kaasaegse peremeditsiini tarkvara tuumfunktsionaalsuse kaardistamine ja eskiiside arendamine"
221865, Keskkonnaministeeriumi Infotehnoloogiakeskus, 2020-04-28, "Oracle East Central Europe Limited Eesti filiaal", 91912.76, "Oracle andmebaasi tarkvara litsentside uuendamine ja tugiteenus"
222167, sihtasutus Tartu Ülikooli Kliinikum, 2020-05-06, "Osaühing Webware", 62465.00, "Dokumendihaldussüsteemi  WebDesktop hooldus"
222714, Ettevõtluse Arendamise Sihtasutus, 2020-04-30, "Bureau van Dijk", 26500.00, "Globaalne ettevõtete andmebaas Orbis"
217821, Siseministeeriumi infotehnoloogia- ja arenduskeskus, 2020-04-20, "Infobuild Estonia OÜ", 128800.00, "Päästeameti ja Häirekeskuse andmelao PÄHKAL arendamine"
222436, Sihtasutus Ida-Viru Keskhaigla, 2020-05-07, "OÜ Skriining", 56000.00, "Raamatupidamistarkvara Abacus hooldusteenus"
219804, Riigimetsa Majandamise Keskus, 2020-05-07, "SRINI OÜ", 900000.00, "Külastuskorralduse rakenduste arendamine"
218868, Registrite ja Infosüsteemide Keskus, 2020-05-08, "OÜ Quretec", 32982.00, "Nõuete ja arestide infosüsteemi ärianalüüs ja kasutajaliidese prototüübi loomine"
215461, Elering AS, 2020-05-07, "", , "Varahalduse valdkonna lahenduste arendus- ja hooldusteenuse ostmine"
220106, Riigi Tugiteenuste Keskus, 2020-05-08, "Nordic Geo Center Oy", 93092.00, "Laserskanneri süsteemi RIEGL VQ-1560i tugiteenuste ostmine"
221658, Tervise ja Heaolu Infosüsteemide Keskus, 2020-05-04, "Telia Eesti AS", 31831.80, "VMware toodete tugiteenuste uuendamine ja pikendamine"
219390, Keskkonnaministeeriumi Infotehnoloogiakeskus, 2020-05-11, "KPMG Baltics OÜ", 40500.00, "⁠“Piiratud asjaõiguse süsteem” ärianalüüs"
221388, Ettevõtluse Arendamise Sihtasutus, 2020-05-13, "AKTSIASELTS HELMES", 33332.50, "ETS hooldus ja arendus"
220249, Sihtasutus Eesti Meremuuseum, 2020-05-14, "OÜ Red Hat Group Design", 137999.00, "Näituse "Läänemeri maailmameres" erilahenduste loomine ja näituse teostamine"
217513, Aktsiaselts Eesti Post, 2020-01-01, "", , "Software and hosting service for Integer parcel machines"
220954, Põllumajanduse Registrite ja Informatsiooni Amet, 2020-05-15, "Trinidad Wiseman OÜ", 47495.00, "Tarkvara toote- ja versiooniuuenduste toe hankimine"
221884, E-riigi Akadeemia Sihtasutus, 2020-05-05, "Private Joint Stock Company "Institute of Information Technologies" (JSC "IIT")", 41000.00, "Services on development of web services and web clients for the Integrated Electronic Identification System in interaction with the Trembita"
221726, E-riigi Akadeemia Sihtasutus, 2020-04-30, "Olha Avramenko", 44500.00, "Consultation services on development of information interaction service for the “Territorial Community Register” based on the “Trembita”"
223357, Tallinna Tehnikaülikool, 2020-05-15, "PlanPro OÜ", 30000.00, "PlanPro"
222147, Eesti Energia Aktsiaselts, 2020-05-18, "", , "Virtuaalserverite litsentside ja tootetoe ost"
222764, Riigimetsa Majandamise Keskus, 2020-05-18, "Proact Estonia AS", 11670.00, "Hitachi Brocade Silkworm 6510 seadmete tugiteenuste pikendamine"
218604, Riigi Infosüsteemi Amet, 2020-05-19, "Max 123 Võrguvara AS", 22000.00, "Juhendi "Avalik kohtvõrk ja Wifi" ajakohastamine"
221256, Tallinna Linnakantselei, 2020-05-18, "Atos IT Solutions and Services Oy Eesti filiaal", 1954487.80, "Tallinna linna finantsinfosüsteemi majutusteenuse osutamine"
220242, Rahandusministeeriumi Infotehnoloogiakeskus, 2020-05-19, "Osaühing Net Group", 246984.00, "Adminandmete sisendvärava lahenduse detailanalüüs ja arendus"
221348, Eesti Energia Aktsiaselts, 2020-05-15, "", , "Oracle Application Express (APEX) arendustööde tellimine"
221348, Eesti Energia Aktsiaselts, 2020-05-19, "", , "Oracle Application Express (APEX) arendustööde tellimine"
219793, Tervise ja Heaolu Infosüsteemide Keskus, 2020-05-20, "Nortal AS", 500000.00, "Arendustööde teostamine EESSI RINA süsteemi integreerimiseks SKAIS-i perehüvitiste tööprotsessi"
219297, Riigi Kinnisvara Aktsiaselts, 2020-05-21, "Aktsiaselts Datel", 400000.00, "2020 Tugiteenuste portaali täiendavad arendus- ja hooldustööd"
222130, Elering AS, 2020-05-26, "", , "Taastuvenergia infosüsteemi Green/BMR hooldus- ja arendusteenus"
219470, Aktsiaselts Eesti Post, 2020-04-15, "", , "Google Services"
222368, Rahandusministeeriumi Infotehnoloogiakeskus, 2020-05-28, "Nortal AS", 357987.50, "Maamaksu alusandmete registri (MARE) arendusteenus"
220139, Riigi Infosüsteemi Amet, 2020-05-29, "Nortal AS", 318000.00, "Riikliku postkasti arendustööd 2020-2021"
222651, E-riigi Akadeemia Sihtasutus, 2020-05-25, "Individual entrepreneur Olexiy Shirankov", 58300.00, "Consultation services on development of information interaction tools for the IT systems of the State Migration Service of Ukraine based on the “Trembita”"
220349, Registrite ja Infosüsteemide Keskus, 2020-05-29, "SK ID Solutions AS", 400000.00, "Kehtivuskinnituse, mobiil-ID teenuste ja sertifikaatide soetamine"
220147, Ettevõtluse Arendamise Sihtasutus, 2020-06-01, "TM Technologies OÜ", 55000.00, "e-Eesti Esitluskeskuse Digiexpo veebirakenduse arendus"
221379, Sihtasutus Viljandi Haigla, 2020-05-27, "Trinidad Wiseman OÜ", 29280.00, "Haigla infosüsteemi asendamise analüüs"
222300, Elering AS, 2020-05-28, "", , "Elektri ja gaasi andmelao infosüsteemide arendus- ja hooldusteenused"
221548, Tartu Ülikool, 2020-06-03, "Wisercat Estonia OÜ", 80000.00, "PHP ja PostgreSQL projektide arenduse tellimine"
221548, Tartu Ülikool, 2020-06-03, "Krabu Grupp OÜ", 80000.00, "PHP ja PostgreSQL projektide arenduse tellimine"
221548, Tartu Ülikool, 2020-06-03, "TM Technologies OÜ", 80000.00, "PHP ja PostgreSQL projektide arenduse tellimine"
223461, Tervise ja Heaolu Infosüsteemide Keskus, 2020-05-25, "osaühing Resta", 50000.00, "COVID-19 kriisiolukorra väikearendus- ja hooldustööd tervise valdkonna andmeladudes"
221542, Tartu Ülikool, 2020-06-05, "Dolm IT OÜ", 70000.00, "Java (ZK raamistik) ja PL/SQL projektide arenduse tellimine"
221542, Tartu Ülikool, 2020-06-05, "Avatud Lahendused OÜ", 70000.00, "Java (ZK raamistik) ja PL/SQL projektide arenduse tellimine"
218823, Keskkonnaministeeriumi Infotehnoloogiakeskus, 2020-05-29, "Spatialworld Oy", 59000.00, "FME tarkvara litsentside ja tootetoe ostmine"
222868, Eesti Energia Aktsiaselts, 2020-06-08, "", , "Cisco võrgulülitite tugiteenus üheks aastaks"
214906, Viimsi Vallavalitsus, 2020-06-05, "Industry62 OÜ", 419180.00, "Kohalike omavalitsuste geoinfosüsteemi põhise register-menetluskeskkonna väljaarendamine Viimsi valla näitel"
221001, Tallinna Linnaplaneerimise Amet, 2020-06-01, "Tieto Estonia Aktsiaselts", 182862.03, "Tallinna Linnaplaneerimise Ameti registrite majutus"
221547, Tartu Ülikool, 2020-06-09, "Avatud Lahendused OÜ", 100000.00, "Java (Spring), Angular ja PostgreSQL projektide arenduse tellimine"
221547, Tartu Ülikool, 2020-06-09, "Krabu Grupp OÜ", 100000.00, "Java (Spring), Angular ja PostgreSQL projektide arenduse tellimine"
221547, Tartu Ülikool, 2020-06-09, "Osaühing IDAKOIDLIK", 100000.00, "Java (Spring), Angular ja PostgreSQL projektide arenduse tellimine"
222694, Integratsiooni Sihtasutus, 2020-06-09, "TM Technologies OÜ", 40500.00, "Integratsiooni Sihtasutuse veebi arendamine ja hooldus (juuni 2020 - mai 2023)"
213521, Eesti Energia Aktsiaselts, 2020-06-01, "", , "JAVA ning .NET arendustööde tellimine"
213521, Eesti Energia Aktsiaselts, 2020-06-02, "", , "JAVA ning .NET arendustööde tellimine"
213521, Eesti Energia Aktsiaselts, 2020-06-01, "", , "JAVA ning .NET arendustööde tellimine"
213521, Eesti Energia Aktsiaselts, 2020-06-01, "", , "JAVA ning .NET arendustööde tellimine"
213521, Eesti Energia Aktsiaselts, 2020-06-02, "", , "JAVA ning .NET arendustööde tellimine"
213521, Eesti Energia Aktsiaselts, 2020-06-01, "", , "JAVA ning .NET arendustööde tellimine"
213521, Eesti Energia Aktsiaselts, 2020-06-01, "", , "JAVA ning .NET arendustööde tellimine"
213521, Eesti Energia Aktsiaselts, 2020-06-01, "", , "JAVA ning .NET arendustööde tellimine"
213521, Eesti Energia Aktsiaselts, 2020-06-02, "", , "JAVA ning .NET arendustööde tellimine"
213521, Eesti Energia Aktsiaselts, 2020-06-03, "", , "JAVA ning .NET arendustööde tellimine"
220210, Eesti Noorsootöö Keskus, 2020-06-01, "Piksel OÜ", 59000.00, "Eesti Noorsootöö Keskuse poolt hallatavate veebilehtede hooldus- ja arendusteenus"
220905, Sihtasutus KredEx, 2020-05-05, "Telia Eesti AS", 67824.00, "IT taristu haldusteenus"
221638, Hariduse Infotehnoloogia Sihtasutus, 2020-06-11, "Aktsiaselts Fujitsu Estonia", 500000.00, "Õppeinfosüsteemi Tahvel arendustööd"
221598, Veeteede Amet, 2020-06-03, "Saab AB", 350000.00, "Laevaliiklusteenuste STM võimekuse arendus"
223097, Majandus- ja Kommunikatsiooniministeerium, 2020-06-12, "Civitta Eesti AS", 39650.00, "E-ehituse platvormiga liidestamise reeglid ja juhendid"
218990, Rahandusministeeriumi Infotehnoloogiakeskus, 2020-06-16, "Predictive OÜ", 333333.00, "Majandustarkvara SAP arendustööd"
218990, Rahandusministeeriumi Infotehnoloogiakeskus, 2020-06-16, "Intelsys OÜ", 333333.00, "Majandustarkvara SAP arendustööd"
222630, Tallinna Linnakantselei, 2020-06-16, "Osaühing GT Tarkvara", 2342663.04, "Tarkvara 3-aastane kasutusõigus"
218933, Riigi Infosüsteemi Amet, 2020-06-16, "AKTSIASELTS HELMES", 245310.00, "Nõusolekuteenuse terviklahenduse arendus"
223000, Keskkonnaministeeriumi Infotehnoloogiakeskus, 2020-05-29, "Aktsiaselts Datel", 45400.00, "Keskkonnainspektsiooni järelevalve andmete kogumise hooldus-, arendus- ja majutusteenus"
222510, Riigi Infosüsteemi Amet, 2020-06-17, "NOPE OÜ", 41500.00, "EU CyberNet veebileht"
221418, Eesti Lennuakadeemia, 2020-06-17, "UFA, Inc.", 30000.00, "Lennujuhtimise simulaatori tarkvara ATTower ühildamine mehitamata õhusõiduki simulaatori tarkvaraga"
220111, Maanteeamet, 2020-06-17, "Telia Eesti AS", 165599.88, "Tee elukaare informatsiooni haldamise tarkvara TEET majutus-, haldus- ja hooldusteenuse osutamine"
222232, Siseministeeriumi infotehnoloogia- ja arenduskeskus, 2020-06-18, "Catapult Labs OÜ", 34440.00, "Java arendaja ressursi ostmine Päästeameti infosüsteemide DEMIS/OIS arendus- ja hooldustöödeks"
223899, Eesti Energia Aktsiaselts, 2020-06-18, "", , "Elektrilevi CheckPoint tulemüüride tehnilise teeninduse tugi"
223526, Veeteede Amet, 2020-06-19, "Cybernetica AS", 89500.00, "GoFREP/AIS arendus"
219424, Tartu Ülikool, 2020-06-19, "Columbus Eesti Aktsiaselts", 640000.00, "Majandus- ja personalitarkvara Microsoft Dynamix AX 2009 versiooniuuendus"
223752, Tallinna Kultuuriamet, 2020-06-19, "Sokisahtel OÜ", 160000.00, "The Tall Ships Races Tallinn 2021 meenete ja meenete müügivõrgustiku loomine ning toodete müümise kontsessioon"
221737, Mittetulundusühing Pärnumaa Ühistranspordikeskus, 2020-06-19, "Ridango AS", 498287.70, "Sotsiaaltransporditeenuse korraldamiseks vajaliku IT-lahenduse kasutuselevõtmine"
223112, Maanteeamet, 2020-06-03, "Wisercat Estonia OÜ", 300000.00, "Maanteeameti teekasutustasu infosüsteemi arendus"
221617, Eesti Haigekassa, 2020-06-18, "AKTSIASELTS MEDITSIINIGRUPP", 265625.00, "Raviteekonnapõhise rahastamise (bundled payment) pilootprojekti elluviimist toetava tarkvarateenuse osutamine koos nõustamisega"
222943, Majandus- ja Kommunikatsiooniministeerium, 2020-06-25, "AS CGI Eesti", 56144.00, "Planeeringute menetluse avalike teenuste disainimise ja menetlussüsteemi ning e-ehituse platvormiga liidestamise eel- ja ärianalüüsi teostamine"
220918, sihtasutus Põhja-Eesti Regionaalhaigla, 2020-06-26, "Osaühing Net Group", 144000.00, "Paberivaba intensiivravi tarkvara liidestamine Põhja - Eesti Regionaalhaigla infosüsteemidega"
220888, Majandus- ja Kommunikatsiooniministeerium, 2020-05-27, "Avatud Lahendused OÜ", 138000.00, "Riikliku avaandmete teabevärava arendus"
220407, Majandus- ja Kommunikatsiooniministeerium, 2020-06-12, "OÜ Web Expert", 300000.00, "Elektroonilise side valdkonna e-teenuste arendus"
223579, Eesti Energia Aktsiaselts, 2020-06-29, "", , "Laivõrgu ja internetiühenduse teenuse tellimine"
220749, Rahandusministeeriumi Infotehnoloogiakeskus, 2020-06-29, "Wisercat Estonia OÜ", 583400.00, "Saldoandmike infosüsteemi arendus- ja hooldusteenus"
223438, Riigi Tugiteenuste Keskus, 2020-06-30, "Balti Meediamonitooringu Grupp OÜ", 43620.00, "Meediamonitooring (Keskkonnaministeerium)"
221966, Rahandusministeeriumi Infotehnoloogiakeskus, 2020-07-01, "Osaühing Icefire", 1700000.00, "Elektrooniliste teenuste deklareerimise erikorra halduse edasiarendus (OSS)"
222594, Tervise ja Heaolu Infosüsteemide Keskus, 2020-06-30, "Trinidad Wiseman OÜ", 43952.05, "TEHIKu veebilehe loomine"
222227, E-riigi Akadeemia Sihtasutus, 2020-07-02, "Research and Development Enterprise Medirent&gt; Limited Liability Company", 129000.00, "Services of modernization of software of the information system "State register of acts of a civil status of citizens" based on the “Trembita”"
222810, Riigi Kinnisvara Aktsiaselts, 2020-07-06, "Telia Eesti AS", 213999.00, "2020 RKAS infosüsteemide infrastruktuuri ja selle halduse rent"
222474, Registrite ja Infosüsteemide Keskus, 2020-07-06, "DocHouse OÜ", 138999.00, "Turvalise printimisteenuse soetamine"
217739, Tervise ja Heaolu Infosüsteemide Keskus, 2020-07-06, "Nortal AS", 52.00, "Tervise infosüsteemi arendus-ja hooldustööd"
217739, Tervise ja Heaolu Infosüsteemide Keskus, 2020-07-03, "Wisercat Estonia OÜ", 54.17, "Tervise infosüsteemi arendus-ja hooldustööd"
224051, Veeteede Amet, 2020-07-07, "OSAÜHING R-SÜSTEEMID", 30000.00, "Hüdrograafia andmetöötlustarkvara AEGIR täiendused"
216595, aktsiaselts Eesti Raudtee, 2020-06-30, "INDRA SISTEMAS S.A.", 16758750.00, "Liikluskorralduse automatiseerimise süsteem"
223936, Aktsiaselts Eesti Post, 2020-06-22, "", , "Criterion kirjasorteerimisliini retrofit"
221768, AS HOOLEKANDETEENUSED, 2020-07-07, "Avatud Lahendused OÜ", 25740.00, "Haldustarkvara hankimine AS Hoolekandeteenuste kodudele"
222796, Riigi Kinnisvara Aktsiaselts, 2020-07-07, "BitWeb OÜ", 900000.00, "Teenuskeskkonna arendus- ja hooldustööd 2020"
222759, Riigi Infosüsteemi Amet, 2020-07-07, "Nortal AS", 2000000.00, "eID Java teekide arendus- ja hooldus 2020-2024"
223625, Eesti Noorsootöö Keskus, 2020-06-30, "Maru VR Productions OÜ", 2950.00, "Eesti Noorsootöö Keskuse Virtuaalreaalsete (VR) elamuste kohandamine PC tüüpi arvutirakendusele sobivaks (nt OculusRift S peaseadmele)"
215902, Rahandusministeeriumi Infotehnoloogiakeskus, 2020-07-06, "AKTSIASELTS HELMES", 5000000.00, "Struktuuritoetuse registri arendus- ja hooldusteenus"
223831, AS Emajõe Veevärk, 2020-07-13, "Atemix Tööstusautomaatika OÜ", 169697.00, "AS Emajõe Veevärk SCADA süsteemi moderniseerimine ja objektide visualiseerimine"
222709, Siseministeeriumi infotehnoloogia- ja arenduskeskus, 2020-07-13, "SRINI OÜ", 86240.00, "Analüütiku ja Java arendaja ressurssi ostmine rahapesu infosüsteemi RABIS arenduste teostamiseks"
222126, Riigi Infosüsteemi Amet, 2020-07-14, "Nortal AS", 79758.00, "Riigiportaali kasutatavuse analüütika prototüüpimine"
223742, Sihtasutus Eesti Tervishoiu Muuseum, 2020-07-13, "Platvorm OÜ", 34992.00, "Vaimse tervise teemalise näituse eksponaatide loomine"
222515, Siseministeeriumi infotehnoloogia- ja arenduskeskus, 2020-07-14, "AS Finestmedia", 399360.00, "Biomeetriahõive ja dokumendikontrolli lahenduste arendustööd"
216837, Keskkonnaministeeriumi Infotehnoloogiakeskus, 2020-07-14, "Mooncascade OÜ", 1500000.00, "Analüüsi- ja andmelao infosüsteemide arendus- ja hooldustööde teostamine"
216837, Keskkonnaministeeriumi Infotehnoloogiakeskus, 2020-07-16, "Piksel OÜ", 1500000.00, "Analüüsi- ja andmelao infosüsteemide arendus- ja hooldustööde teostamine"
217836, Tervise ja Heaolu Infosüsteemide Keskus, 2020-07-16, "Avalanche Laboratory OÜ", 178980.00, "Andmekontrollimoodul"
224309, Tervise ja Heaolu Infosüsteemide Keskus, 2020-07-16, "Industry62 OÜ", 33.70, "Patsiendiportaali arendus- ja hooldustööd"
222727, Ettevõtluse Arendamise Sihtasutus, 2020-07-15, "KPMG Baltics OÜ", 35500.00, "Majutusandmete registreerimissüsteemi, andmete edastamise kanalite ja andmekogu loomise ärianalüüs"
223867, Hariduse Infotehnoloogia Sihtasutus, 2020-07-20, "Osaühing Webware", 600000.00, "Eesti koolide haldamise infosüsteemi täisteenus"
225386, Riigimetsa Majandamise Keskus, 2020-07-17, "Telia Eesti AS", 62500.00, "Olemasoleva IT keskse taristu administreerimine (serveripark, võrgutaristu, varundus)"
220412, Riigi Infosüsteemi Amet, 2020-07-17, "UX Advisors OÜ", 5000000.00, "Teenusdisain, UI/UX ja kujundus"
220412, Riigi Infosüsteemi Amet, 2020-07-20, "NOPE OÜ", 5000000.00, "Teenusdisain, UI/UX ja kujundus"
220412, Riigi Infosüsteemi Amet, 2020-07-17, "Trinidad Wiseman OÜ", 5000000.00, "Teenusdisain, UI/UX ja kujundus"
222712, Siseministeeriumi infotehnoloogia- ja arenduskeskus, 2020-07-21, "REGIO OÜ", 138999.00, "Ruumiandmed, andmehooldus ja andmetöötlus"
225195, Keskkonnaministeeriumi Infotehnoloogiakeskus, 2020-07-18, "PlanPro OÜ", 111000.00, "Planeerimise, projektijuhtimise ja personalihindamise tarkvara"
222088, Tallinna Transpordiamet, 2020-07-22, "AB Thoreb", 2000000.00, "Ühistranspordi info-, reaalaja- ja prioriteedisüsteemi laiendamine ja hooldamine"
222677, Elering AS, 2020-07-23, "", , "EstFeed platvormi majutamise ja administreerimise teenus"
225411, Veeteede Amet, 2020-07-23, "Sabik OÜ", 69960.00, "Navigatsioonimärgistuse infosüsteemi (NMIS) arendustööd"
221861, Tervise ja Heaolu Infosüsteemide Keskus, 2020-07-17, "AKTSIASELTS HELMES", 8000000.00, "Sotsiaalkaitse valdkonna teenuste arendustööd"
220114, Registrite ja Infosüsteemide Keskus, 2020-07-27, "Aktsiaselts Datel", 500000.00, "Fujitsu kettamassiivide tehnilise toe ja laienduste soetamine"
220114, Registrite ja Infosüsteemide Keskus, 2020-07-27, "DataFox OÜ", 500000.00, "Fujitsu kettamassiivide tehnilise toe ja laienduste soetamine"
221627, E-riigi Akadeemia Sihtasutus, 2020-06-30, "Soft Xpansion Ukraine", 336028.00, "Riikliku dokumendihaldussüsteemi alamsüsteemi haldusteenuste keskuse automatiseerimise tarkvarakompleksi ehk infosüsteemi "Vulyk" uuendamise teenuste hange"
223084, Ettevõtluse Arendamise Sihtasutus, 2020-07-29, "osaühing Resta", 213000.00, "EASi planeerimise, eelarvestamise ja projektijuhtimise infosüsteemi jätkutööd perioodil 2020-2023"
225050, E-riigi Akadeemia Sihtasutus, 2020-07-21, "EPAAS", 34250.00, "Services on development of interoperability tools based on "Trembita" for the executive bodies of the Kharkiv City Council's information systems"
225035, Siseministeeriumi infotehnoloogia- ja arenduskeskus, 2020-07-30, "SRINI OÜ", 34625.00, "SITREP arendus- ja hooldustööde teostamine COVID-19 teiseks laineks valmisoleku tagamiseks"
225035, Siseministeeriumi infotehnoloogia- ja arenduskeskus, 2020-07-31, "Devtailor OÜ", 34625.00, "SITREP arendus- ja hooldustööde teostamine COVID-19 teiseks laineks valmisoleku tagamiseks"
225035, Siseministeeriumi infotehnoloogia- ja arenduskeskus, 2020-07-30, "SRINI OÜ", 34625.00, "SITREP arendus- ja hooldustööde teostamine COVID-19 teiseks laineks valmisoleku tagamiseks"
225035, Siseministeeriumi infotehnoloogia- ja arenduskeskus, 2020-07-30, "SRINI OÜ", 34625.00, "SITREP arendus- ja hooldustööde teostamine COVID-19 teiseks laineks valmisoleku tagamiseks"
223869, Siseministeeriumi infotehnoloogia- ja arenduskeskus, 2020-08-03, "Telia Eesti AS", 27452.52, "Politsei- ja Piirivalveameti (PPA) kinnipidamiskeskuses arvutitöökoha tehnilise võimekuse tagamise haldusteenus"
223280, AS HOOLEKANDETEENUSED, 2020-07-20, "Avatud Lahendused OÜ", 152940.00, "e-toimiku tarkvara"
219262, Tallinna Linnakantselei, 2020-08-04, "Catapult Labs OÜ", 220450.00, "Tallinna linna asutuste ühtse siseveebi arendus- ja hooldusteenus"
224381, Välisministeerium, 2020-08-04, "Aktsiaselts SPIN TEK", 138000.00, "Infosüsteemide CONSUL ja AULIK arendus- ja hooldusteenus"
222203, Siseministeeriumi infotehnoloogia- ja arenduskeskus, 2020-08-05, "SRINI OÜ", 246700.00, "Arendustööde teostamine - viisaregister 2.0 I etapp"
222932, Eesti Noorsootöö Keskus, 2020-07-01, "Tartu Ülikool", 13000.00, "Riikliku huvihariduse ja huvitegevuse 2017-2020 perioodi tulemuste ja kavade analüüs"
223660, Riigi Infosüsteemi Amet, 2020-08-10, "Osaühing Net Group", 72655.00, "Riigi keskse juturoboti eelanalüüs ja prototüübi tehniline lahendus"
220717, Riigi Infosüsteemi Amet, 2020-08-10, "Catapult Labs OÜ", 70800.00, "Virtuaalse e-Eesti esitluskeskuse loomine"
222116, Eesti Pank, 2020-08-10, "Zaproo OÜ", 38500.00, "Finantsinspektsiooni veebilehtede hooldus- ja arendusteenus"
224293, Saaremaa Vallavalitsus, 2020-08-17, "Osaühing Infovõrgud", 38400.00, "Noorteinfo veebilahendus, äpp ja digimono"
225576, Tallinna Linnakantselei, 2020-08-17, "Balti Meediamonitooringu Grupp OÜ", 38908.00, "Tallinna linna meediamonitooring"
225394, Eesti Pank, 2020-08-25, "Proact Estonia AS", 118171.63, "Oracle serverite hooldus"
222976, Riigi Infosüsteemi Amet, , "", , "Valimiste infosüsteemi VIS3 etapp 3 tööd"
183775, Riigikontroll, 2017-05-02, "UPTIME OÜ", 240000.00, "Riigikontrolli dokumendihalduse ja siseveebi hooldus- ning arendustööde tellimine"
223194, Tallinna Linnakantselei, 2020-07-20, "Telia Eesti AS", 453240.00, "Andmesideteenus Tallinna hallatavatele asutustele"
225083, OÜ Eesti Keskkonnauuringute Keskus, , "", , "Kasvuhoonegaaside inventuuri andmetöötluskeskkonna väljatöötamine"
223208, Riigikogu Kantselei, 2020-07-17, "Avalanche Laboratory OÜ", 600000.00, "Riigikogu ja Riigikogu Kantselei dokumendihaldus- ja eelnõude menetlusinfosüsteemi (EMS) arendus- ja hooldustööd"
221158, Rahandusministeeriumi Infotehnoloogiakeskus, 2020-08-11, "Nortal AS", 413400.00, "Sisenemisformaalsuste süsteemi (NES) arendustööd"
225068, Tallinna Tervishoiu Kõrgkool, , "", , "SAHVRI loomine - õppesituatsioonide ja teadmiste ning oskuste kontrollimise situatsioonide süstematiseeritud andmebaaside loomine"
225068, Tallinna Tervishoiu Kõrgkool, , "", , "SAHVRI loomine - õppesituatsioonide ja teadmiste ning oskuste kontrollimise situatsioonide süstematiseeritud andmebaaside loomine"
225068, Tallinna Tervishoiu Kõrgkool, , "", , "SAHVRI loomine - õppesituatsioonide ja teadmiste ning oskuste kontrollimise situatsioonide süstematiseeritud andmebaaside loomine"
225068, Tallinna Tervishoiu Kõrgkool, , "", , "SAHVRI loomine - õppesituatsioonide ja teadmiste ning oskuste kontrollimise situatsioonide süstematiseeritud andmebaaside loomine"
225068, Tallinna Tervishoiu Kõrgkool, , "", , "SAHVRI loomine - õppesituatsioonide ja teadmiste ning oskuste kontrollimise situatsioonide süstematiseeritud andmebaaside loomine"
225068, Tallinna Tervishoiu Kõrgkool, , "", , "SAHVRI loomine - õppesituatsioonide ja teadmiste ning oskuste kontrollimise situatsioonide süstematiseeritud andmebaaside loomine"
225068, Tallinna Tervishoiu Kõrgkool, , "", , "SAHVRI loomine - õppesituatsioonide ja teadmiste ning oskuste kontrollimise situatsioonide süstematiseeritud andmebaaside loomine"
225068, Tallinna Tervishoiu Kõrgkool, , "", , "SAHVRI loomine - õppesituatsioonide ja teadmiste ning oskuste kontrollimise situatsioonide süstematiseeritud andmebaaside loomine"
225068, Tallinna Tervishoiu Kõrgkool, , "", , "SAHVRI loomine - õppesituatsioonide ja teadmiste ning oskuste kontrollimise situatsioonide süstematiseeritud andmebaaside loomine"
225068, Tallinna Tervishoiu Kõrgkool, , "", , "SAHVRI loomine - õppesituatsioonide ja teadmiste ning oskuste kontrollimise situatsioonide süstematiseeritud andmebaaside loomine"
225068, Tallinna Tervishoiu Kõrgkool, , "", , "SAHVRI loomine - õppesituatsioonide ja teadmiste ning oskuste kontrollimise situatsioonide süstematiseeritud andmebaaside loomine"
225068, Tallinna Tervishoiu Kõrgkool, , "", , "SAHVRI loomine - õppesituatsioonide ja teadmiste ning oskuste kontrollimise situatsioonide süstematiseeritud andmebaaside loomine"
225068, Tallinna Tervishoiu Kõrgkool, , "", , "SAHVRI loomine - õppesituatsioonide ja teadmiste ning oskuste kontrollimise situatsioonide süstematiseeritud andmebaaside loomine"
225068, Tallinna Tervishoiu Kõrgkool, , "", , "SAHVRI loomine - õppesituatsioonide ja teadmiste ning oskuste kontrollimise situatsioonide süstematiseeritud andmebaaside loomine"
225068, Tallinna Tervishoiu Kõrgkool, , "", , "SAHVRI loomine - õppesituatsioonide ja teadmiste ning oskuste kontrollimise situatsioonide süstematiseeritud andmebaaside loomine"
225068, Tallinna Tervishoiu Kõrgkool, , "", , "SAHVRI loomine - õppesituatsioonide ja teadmiste ning oskuste kontrollimise situatsioonide süstematiseeritud andmebaaside loomine"
225068, Tallinna Tervishoiu Kõrgkool, , "", , "SAHVRI loomine - õppesituatsioonide ja teadmiste ning oskuste kontrollimise situatsioonide süstematiseeritud andmebaaside loomine"
225068, Tallinna Tervishoiu Kõrgkool, , "", , "SAHVRI loomine - õppesituatsioonide ja teadmiste ning oskuste kontrollimise situatsioonide süstematiseeritud andmebaaside loomine"
222875, Sihtasutus KredEx, 2020-08-13, "OIXIO AS", 107664.00, "Infoturbe ja arvutivõrgu haldusteenus"
223875, Välisministeerium, 2020-08-05, "Osaühing Webware", 138000.00, "Dokumendihaldussüsteemi Webdesktop arendus-, hooldus- ja tugiteenus"
224819, aktsiaselts Eesti Raudtee, 2020-07-20, "Redwall OÜ", 55000.00, "Eesti Raudtee veebilehe evr.ee hooldus- ja arendusteenus"
223829, Majandus- ja Kommunikatsiooniministeerium, 2020-08-14, "Ernst &amp; Young Baltic AS", 40320.00, "Nõusolekuteenuse analüüs"
225909, Varuosa24 OÜ, , "", , "Kasutatud varuosade ringmajanduse tööriist."
225556, E-riigi Akadeemia Sihtasutus, 2020-08-06, "Individual Enterprise "FOP Kaplun Sergii Oleksiyovich"", 58600.00, "Development of interoperability tools for information-telecommunication system ""State Register of Individuals - Taxpayers" based on the “Trembita"
224767, E-riigi Akadeemia Sihtasutus, 2020-08-06, "EPAAS", 116000.00, "Development of interoperability tools based on ""Trembita"" for the Information and Telecommunication System “e-Consul”."
224205, aktsiaselts Ida-Tallinna Keskhaigla, 2020-07-29, "OIXIO AS", 159000.00, "Turvaintsidentide tuvastamise tarkvara"
225320, Eesti Rahvusraamatukogu, 2020-08-14, "OÜ URANIA COM", 32000.00, "Infosüsteemi URRAM arendus"
223925, Viimsi Vallavalitsus, 2020-08-12, "KPMG Baltics OÜ", 77948.00, "Viimsi vallavalitsuse teenusportfelli ja rakendatavate infosüsteemide eel- ja ärianalüüs"
223925, Viimsi Vallavalitsus, 2020-08-12, "KPMG Baltics OÜ", 77948.00, "Viimsi vallavalitsuse teenusportfelli ja rakendatavate infosüsteemide eel- ja ärianalüüs"
223627, Siseministeeriumi infotehnoloogia- ja arenduskeskus, , "", , "Rahvusvahelise kaitse andmise registri andmete migratsioon"
223650, Tervise ja Heaolu Infosüsteemide Keskus, , "", , "Sotsiaalteenuste ja -toetuste andmeregistri arendustööd"
225276, aktsiaselts Ida-Tallinna Keskhaigla, 2020-08-19, "Scanmed Group OÜ", 71700.00, "Ajuperfusiooni tarkvara litsentsid"
221558, Elering AS, 2020-08-19, "", , "Meter Data Management System Development and Maintenance"
223325, Sihtasutus Läänemaa, 2020-06-26, "FOB Solutions OÜ", 9450.00, "Läänemaa mobiilirakenduse arendus"
220288, Tervise ja Heaolu Infosüsteemide Keskus, 2020-08-24, "Osaühing ASA Quality Services", 420000.00, "Testimisteenus"
220288, Tervise ja Heaolu Infosüsteemide Keskus, 2020-08-24, "Flowit Estonia OÜ", 420000.00, "Testimisteenus"
223783, Rahandusministeeriumi Infotehnoloogiakeskus, 2020-08-18, "Osaühing Icefire", 17000000.00, "PL/SQL ja Java tehnoloogiatel põhinevate tarkvarade arendus- ja hooldusteenus"
223325, Sihtasutus Läänemaa, 2020-06-26, "FOB Solutions OÜ", 9450.00, "Läänemaa mobiilirakenduse arendus"
225398, MTÜ Nordic Institute for Interoperability Solutions, 2020-08-27, "Gofore Oyj", 133400.00, "X-Road extension: Operational monitoring"
225108, MTÜ Nordic Institute for Interoperability Solutions, 2020-08-27, "Gofore Oyj", 133400.00, "X-Road extension: MISP2"
223930, Maanteeamet, 2020-08-27, "Fleet Complete Eesti OÜ", 9980.00, "Maanteeameti lepinguliste teehooldefirmade teehoolde tööde jälgimise tarkvara kasutamise ja teehoolde sõidukite GPS seireteenuse koondkaardil ostmine"
216847, sihtasutus Tartu Ülikooli Kliinikum, , "", , "Eel- ja ärianalüüsi teenus insuldi- ja infarktihaigete haiglaravi digitaalseks juhtimiseks"
226323, Maanteeamet, 2020-08-31, "Aktsiaselts Teede Tehnokeskus", 36996.00, "Teedeinfokeskuse veebiteenus"
221169, Riigi Tugiteenuste Keskus, 2020-08-31, "Fitek AS", 112000.00, "Ostuarvete vastuvõtmine, digiteerimine, elektroonilise arvete menetluskeskkonna kasutamine, andmevahetus SAPiga, e-ostuarvete arhiveerimine koos menetlusinfo ja raamatupidamisdokumendi numbriga"
224929, Tallinna Linnakantselei, 2020-08-31, "Viking Security AS", 200000.00, "Linnaasutuste kohtvõrkude ehitus"
221772, Eesti Haigekassa, 2020-09-01, "Predictive OÜ", 209984.00, "Eesti Haigekassa SAP tarkvararakenduste tarkvarahooldus"
226812, Haridus- ja Noorteamet, 2020-09-01, "ECHO 360, Inc", 33704.00, "Echo360 loengusalvestussüsteemi pilveteenus"
224194, Välisministeerium, 2020-08-28, "Datanor OÜ", 138000.00, "Välismajanduse tugisüsteemide arendus- ja toeteenus"
224667, Tallinna Linnakantselei, 2020-09-10, "Cyberarch Consulting OÜ", 56000.00, "Turvatestimise teenus"
226044, sihtasutus Tartu Ülikooli Kliinikum, 2020-09-16, "Siemens Healthcare Oy Eesti filiaal", 59960.00, "SyngoVia hooldusteenus"
224911, Tervise ja Heaolu Infosüsteemide Keskus, 2020-09-17, "Industry62 OÜ", 59000.00, "Arstiportaali arendus- ja hooldustööd"
219630, Menu Meedia OÜ, 2020-04-20, "Logic Technologies OÜ", 295000.00, "Koolitusplatvormi arendustööde läbiviimine"
219630, Menu Meedia OÜ, 2020-05-05, "Logic Technologies OÜ", 295000.00, "Koolitusplatvormi arendustööde läbiviimine"
224054, Tallinna Haridusamet, 2020-08-04, "Eliis Tarkvara OÜ", 194000.00, "Tallinna lasteaedade ePäevik"
225770, aktsiaselts Ida-Tallinna Keskhaigla, 2020-09-08, "AS Atea", 14400.00, "Iseteeninduskioskite lahendus ja rent"
225494, Majandus- ja Kommunikatsiooniministeerium, 2020-09-15, "Solita Oy", 82460.00, "Alternatiivsete kanalite kasutamise analüüs ja pilootprojekt"
226336, Sihtasutus Viljandi Haigla, 2020-08-28, "Klinte OÜ", 59999.00, "Haigla infosüsteemi kasutajatugi"
221271, Tartu Linnavalitsus, 2020-04-30, "Avalanche Laboratory OÜ", 49705.00, "Microsoft Dynamics AX tarkvarakindlustuse pikendamine kolmeks aastaks"
220246, Haridus- ja Teadusministeerium, 2020-09-01, "Trinidad Wiseman OÜ", 1000000.00, "Haridusportaali edu.ee arendusteenuse raamlepingu sõlmimine"
222836, Riigi Kaitseinvesteeringute Keskus, 2020-07-30, "Clarified Security OÜ", 4200000.00, "Küberohtude simulatsioonitarkvara loomine"
222625, Riigi Kaitseinvesteeringute Keskus, 2020-07-31, "Clarified Security OÜ", 3500000.00, "Infosüsteemide turbetestimised"
219263, Riigi Kaitseinvesteeringute Keskus, 2020-07-30, "Clarified Security OÜ", 10000000.00, "Küberväljaõpe"
219263, Riigi Kaitseinvesteeringute Keskus, 2020-07-30, "CybExer Technologies OÜ", 10000000.00, "Küberväljaõpe"
219263, Riigi Kaitseinvesteeringute Keskus, 2020-07-30, "GuardTime OÜ", 10000000.00, "Küberväljaõpe"
224539, Politsei- ja Piirivalveamet, 2020-09-01, "SK ID Solutions AS", 40000.00, "Asendusümbrike väljastamise teenus"
225329, AKTSIASELTS EESTI LOTO, , "", , "Kettamassiivide tootetoe pikendamine"
225518, MTÜ MAAKONDLIKUD ARENDUSKESKUSED, , "", , "Kliendisuhtluse tarkvara kasutamise ja väikesemahuliste arendustööde teenuse ostmine"
225446, Eesti Energia Aktsiaselts, , "", , "Continuous development of the Enterprise Assets Management solution (IFS supplication) for the Large energy area of the Eesti Energia"
224527, Tervise ja Heaolu Infosüsteemide Keskus, 2020-09-04, "Osaühing Aktors", 138000.00, "MISP keskkondade hooldus- ja arendustööd"
225155, aktsiaselts TALLINNA SADAM, 2020-09-07, "", , "Infosüsteemide turvalisuse testimine"
223142, Maaeluministeerium, 2020-09-07, "AgileWorks AS", 44440.00, "Kutselise kalapüügi registri ja kalapüügiga seotud andmete kogumiseks ning arvestuse 
pidamiseks kasutatavate rakenduste (PERK, ERS, ERS2) arendus- ja hooldustööd"
223942, Riigimetsa Majandamise Keskus, 2020-09-08, "AKTSIASELTS HELMES", 900000.00, "RMK logistika töölaua rakenduse arendamine"
221861, Tervise ja Heaolu Infosüsteemide Keskus, 2020-08-25, "aktsiaselts MEDISOFT", 8000000.00, "Sotsiaalkaitse valdkonna teenuste arendustööd"
224154, Majandus- ja Kommunikatsiooniministeerium, 2020-09-07, "Future Insight", 265000.00, "BIM-põhise loamenetluse tarkvaralahenduse väljaarendamine"
210324, Rae Vallavalitsus, 2020-01-20, "VEERA OÜ", 26147.60, "Rae valla eelarvestamise uus lahendus"
226269, Riigi Kaitseinvesteeringute Keskus, 2020-08-26, "AURA, s.r.o", 168240.00, "Kodifitseerimise tarkvara litsentside hankimine"
221727, Elering AS, 2020-09-14, "", , "Majandustarkvara Dynamics 365 Business Central arendusteenuse osutamine"
221727, Elering AS, 2020-09-14, "", , "Majandustarkvara Dynamics 365 Business Central arendusteenuse osutamine"
223368, Rahandusministeeriumi Infotehnoloogiakeskus, 2020-08-28, "AKTSIASELTS HELMES", 3333333.00, "Riigitöötaja Iseteenindusportaali (RTIP) jätkuarendus- ja hooldusteenus"
213585, Rahandusministeeriumi Infotehnoloogiakeskus, 2020-01-01, "MINDTITAN OÜ", 82810.00, "Tehisintellekti abil massandmetest efektiivse otsustusmudeli loomine"
222991, Tervise ja Heaolu Infosüsteemide Keskus, 2020-09-18, "Telia Eesti AS", 64.00, "Sotsiaalkindlustusameti infosüsteemi SKAIS majutus- ja
administreerimisteenus"
224461, Rahandusministeeriumi Infotehnoloogiakeskus, 2020-09-17, "Wisercat Estonia OÜ", 233333.00, "Riigiabi ja vähese tähtsusega abi registri (RAR) arendus- ja hooldusteenus"
224546, Keskkonnaministeeriumi Infotehnoloogiakeskus, 2020-09-17, "Industry62 OÜ", 750000.00, "Metsaressursi arvestuse riikliku registri arendus ja hooldus"
224956, Keskkonnaministeeriumi Infotehnoloogiakeskus, 2020-09-17, "AKTSIASELTS HELMES", 2500000.00, "Eesti Looduse infosüsteemi (EELIS) arendustööde teostamine"
224964, Tallinna Linnakantselei, , "", , "Tallinna linna veebilehe arendus-, hooldus ja majutus"
222261, Siseministeeriumi infotehnoloogia- ja arenduskeskus, 2020-09-24, "SRINI OÜ", 154156.80, "Arendustööde teostamine mobiilse operatiivtöö tagamiseks ühtsel kaasaegsel platvormil"
225354, Aktsiaselts Eesti Post, 2020-09-28, "", , "Kehtivuskinnitusteenus, Mobiil-ID, Smart-ID ja Ajatempli teenus"
225947, Eesti Pank, 2020-09-28, "Trinidad Wiseman OÜ", 67455.00, "Välisveebi arendus"
225072, Majandus- ja Kommunikatsiooniministeerium, 2020-09-28, "Aktsiaselts SPIN TEK", 474000.00, "Majandustegevuse registri arendus- ja tugiteenus"
225258, Majandus- ja Kommunikatsiooniministeerium, 2020-09-28, "OÜ Web Expert", 673600.00, "Tarbijakaitse ja tehnilise järelevalve infosüsteemi arendus"
222261, Siseministeeriumi infotehnoloogia- ja arenduskeskus, 2020-09-29, "Aktsiaselts Datel", 82320.00, "Arendustööde teostamine mobiilse operatiivtöö tagamiseks ühtsel kaasaegsel platvormil"
226917, Majandus- ja Kommunikatsiooniministeerium, 2020-09-29, "Aktsiaselts Datel", 44000.00, "Võrgurajatiste BIM-mudelite kontrolli tarkvaralahenduse eelanalüüs Rail Balticu tugitaristu loamenetlusteks"
213942, Riigi Infosüsteemi Amet, 2020-09-30, "Cybernetica AS", 49400.00, "Analüüs „Krüptoalgoritmid ning nende tugi teekides ja infosüsteemides“"
225109, Haridus- ja Noorteamet, 2020-08-25, "Karjääristuudio OÜ", 7380.00, "Noorteinfoportaal Teeviit digitaalse noorteinfo sisuline ja tehniline korraldamine 2020.- 2021. aastal"
225109, Haridus- ja Noorteamet, 2020-08-25, "Karjääristuudio OÜ", 22460.00, "Noorteinfoportaal Teeviit digitaalse noorteinfo sisuline ja tehniline korraldamine 2020.- 2021. aastal"
227174, Tallinna Keskraamatukogu, 2020-09-28, "Codeborne OÜ", 105000.00, "E-teavikute laenamis- ja lugemiskeskkonna arendusteenus"
226626, Eesti Haigekassa, 2020-10-07, "Telia Eesti AS", 213600.00, "IT infrastruktuuri haldusteenus"
225309, Tervise ja Heaolu Infosüsteemide Keskus, 2020-10-05, "Avalanche Laboratory OÜ", 138000.00, "Vähi sõeluuringute registri üleviimine Vertica platvormile"
227146, Siseministeeriumi infotehnoloogia- ja arenduskeskus, 2020-10-08, "Trinidad Wiseman OÜ", 54995.00, "Atlassian tootepere toodete litsentsid ning tootetugi"
226008, Elering AS, 2020-10-13, "", , "Integreeritud varahalduse lahenduse IVAL testimistööd"
225920, Sisekaitseakadeemia, 2020-10-16, "Defsecintel Solutions OÜ", 49400.00, "SKA Drooniotsingute tarkvara prototüübi loomine"
225162, aktsiaselts Mako, 2020-08-24, "OÜ Europolis", 7680.00, "Libatse küla ühisveevärgi ja kanalisatsiooni rekonstrueerimise projekti elluviimiseks projektijuhi leidmine"
226548, Eesti Haigekassa, 2020-10-19, "Trinidad Wiseman OÜ", 88000.00, "Haigekassa veebi arendus- ja hooldusteenused"
226390, OÜ Eesti Keskkonnauuringute Keskus, 2020-10-16, "Aether Ltd", 55000.00, "Kasvuhoonegaaside inventuuri andmetöötluskeskkonna väljatöötamine"
226759, AKTSIASELTS EESTI LOTO, 2020-10-14, "ByteLife Solutions OÜ", 91900.00, "Kettamassiivide tootetoe pikendamine"
227364, Eesti Haigekassa, 2020-10-21, "Aktsiaselts Datel", 109800.00, "Fujitsu serverite tootetoe, garantii ja seadmete tarkvara litsentside pikendus"
225082, Sihtasutus Võrumaa Arenduskeskus, 2020-08-18, "Osaühing Infovõrgud", 32700.00, "Teenuste vahendamise platvorm"
226512, Riigikantselei, 2020-10-20, "Tieto Estonia Aktsiaselts", 77904.00, "Eelnõude infosüsteemi majutusteenus"
218674, Tallinna Ülikooli Akadeemiline Raamatukogu, 2020-01-24, "CCS Content Coversion Specialists GmbH", 110435.00, "DocWorks Pro tarkvara täiendavad litsentsid ja hooldus"
225551, Rahandusministeeriumi Infotehnoloogiakeskus, 2020-10-23, "Trinidad Wiseman OÜ", 54450.00, "Pensionisüsteemi andmeportaali eel- ja ärianalüüsi teostamine"
227365, AKTSIASELTS EESTI LOTO, 2020-10-26, "Telia Eesti AS", 120000.00, "Terminaliühenduse andmesidevõrgu teenuse ostmine"
227840, Enefit Energiatootmine AS, 2020-10-01, "", , "Arvutivõrgu korraldamine Eesti elektrijaama ja Balti elektrijaama olmeruumides"
198353, Haridus- ja Teadusministeerium, 2018-11-01, "Osaühing Net Group", 291667.00, "Haridus- ja Teadusministeeriumi SharePointi platvormil põhinevate infosüsteemide hooldus- ja arendusteenuse tellimine"
224995, Siseministeeriumi infotehnoloogia- ja arenduskeskus, 2020-10-05, "AS Finestmedia", 3500000.00, "E-politsei tarkvara arendusteenus"
227600, Tallinna Linnakantselei, 2020-10-07, "AKTSIASELTS HELMES", 276696.00, "Tallinna väärteoasjade registri arendustööd"
221431, Tallinna Linnatranspordi Aktsiaselts, 2020-10-07, "", , "Võrguhaldus- ja monitooringuteenuse hankimine koos vajaduspõhiste seadmete soetamisega"
219048, Rahandusministeeriumi Infotehnoloogiakeskus, 2020-10-09, "Nortal AS", 16666700.00, "Java tehnoloogiatel põhinevate tarkvarade arendus- ja hooldusteenus"
222538, Sihtasutus Eesti Meremuuseum, , "", , "Meremuuseumi IT-toe ja võrguhoolduspartneri leidmine"
220654, Tallinn Dolls OÜ, , "", , "Kangaste digitaliseerimise tarkvara"
224537, Elering AS, , "", , "PIMS Review and Gap Analysis"
224063, Rahandusministeeriumi Infotehnoloogiakeskus, 2020-10-15, "Nortal AS", 416216.67, "Sisenemisformaalsuste süsteemi (NES) IV osa arendustööd"
225110, aktsiaselts TALLINNA SADAM, 2020-09-21, "", , "Serverite majutus"
228083, Riigi Infosüsteemi Amet, 2020-10-14, "SK ID Solutions AS", 1000000.00, "Smart-ID teenus"
227816, sihtasutus Tartu Ülikooli Kliinikum, 2020-10-19, "Nortal AS", 999960.00, "Rakenduse eHealth täiendustööd"
223406, Tervise ja Heaolu Infosüsteemide Keskus, 2020-10-22, "OÜ TripleDev", 48.00, "Tööelu infosüsteemi arendustööd"
227857, Siseministeeriumi infotehnoloogia- ja arenduskeskus, 2020-10-23, "SRINI OÜ", 48888.00, "Relvaregistri vanemarendaja ressursi ostmine"
212342, Elektrilevi OÜ, , "", , "Purchase of fiber management system (VT1126) / Kiuhaldussüsteemi ost (VT1126)"
226214, E-riigi Akadeemia Sihtasutus, 2020-10-14, "LLC "FS GROUP - DEVELOPMENT"", 39300.00, "Security Assessment Services Involving Vulnerability Scanning and Penetration Testing (Ukraine)"
219265, Keskkonnaministeeriumi Infotehnoloogiakeskus, 2020-10-23, "Wisercat Estonia OÜ", 282440.00, "TEHA - teadus- ja harrastuskalapüügi andmekogu uuendamine"
223765, Eesti Energia Aktsiaselts, 2020-09-15, "", , "Purchase for Enterprise Asset Management System and Implementation for Enefit Green"
227188, Siseministeeriumi infotehnoloogia- ja arenduskeskus, 2020-10-26, "Osaühing GT Tarkvara", 72300.00, "Tarkvarahalduse tarkvara Snow Software litsentsid tootetoega"
228203, sihtasutus Tartu Ülikooli Kliinikum, 2020-10-23, "Nortal AS", 1239920.00, "Rakenduse eHealth litsentsi hooldus"
223543, Riigi Tugiteenuste Keskus, 2020-09-28, "Allexis", 240000.00, "Kontsessiooni andmine pädevale tunnuste väljaandjale Eestis tubakaseaduse, Euroopa Parlamendi ja Nõukogu direktiivi 2014/40/EL ning Euroopa Komisjoni rakendusmääruse 2018/574 alusel"
226564, Võru Linnavalitsus, 2020-10-30, "ORDI OÜ", 59553.60, "Arvutite rentimine"
220867, Riigi Infosüsteemi Amet, 2020-10-27, "AS Reach-U", 10000000.00, "Tarkvara arendus- ja hooldustööd II"
220867, Riigi Infosüsteemi Amet, 2020-10-27, "Krabu Grupp OÜ", 10000000.00, "Tarkvara arendus- ja hooldustööd II"
220867, Riigi Infosüsteemi Amet, 2020-10-27, "AS Finestmedia", 10000000.00, "Tarkvara arendus- ja hooldustööd II"
220867, Riigi Infosüsteemi Amet, 2020-10-27, "SRINI OÜ", 10000000.00, "Tarkvara arendus- ja hooldustööd II"
220867, Riigi Infosüsteemi Amet, 2020-10-30, "Cybernetica AS", 10000000.00, "Tarkvara arendus- ja hooldustööd II"
228087, Tallinna Linnakantselei, 2020-11-02, "Predictive OÜ", 197200.00, "Tallinna linna finantsinfosüsteemi SAP Portal arendus- ja hooldustööd"
226601, Tallinna Transpordiamet, 2020-10-12, "osaühing Serpelin", 139608.00, "Viru keskuse autobussiterminali elektroonilise juhtimissüsteemi hoolduse tellimine"
228061, Siseministeeriumi infotehnoloogia- ja arenduskeskus, 2020-11-05, "Proact Estonia AS", 45071.20, "Oracle andmebaasiseadmete (ODA) tootetugi"
224768, Majandus- ja Kommunikatsiooniministeerium, 2020-11-06, "Ernst &amp; Young Baltic AS", 42350.00, "Kinnisvara sündmusteenuste pakkumise ärianalüüs"
226519, Tallinna Linnavaraamet, 2020-11-10, "aktsiaselts Andevis", 164530.00, "Tallinna kinnisvararegistri täiendavad arendustööd, hooldamine ja majutus"
196055, Elektrilevi OÜ, 2018-06-19, "", , "Trimble CIM ekspordi funtsionaalsuse arenduse tellimine (IK0627)"
228253, Siseministeeriumi infotehnoloogia- ja arenduskeskus, 2020-11-11, "MINDTITAN OÜ", 44000.00, "Kriisiinfotelefoni 1247 transkriptsioon, masinõpe ja andmekaeve"
227737, Kohtla-Järve Linnavalitsus, 2020-11-06, "ENVOICE OÜ", 9000.00, "E-arvete haldusteenus ja raamatupidamistarkvara PMen-ga infovahetus"
220898, Sihtasutus KredEx, 2020-10-29, "Telia Eesti AS", 40320.00, "Arvutitöökoha haldusteenus"
226971, sihtasutus Tartu Ülikooli Kliinikum, 2020-11-23, "Nortal AS", 35880.00, "Eel- ja ärianalüüs insuldi- ja infarktihaigete haiglaravi digitaalseks juhtimiseks"
211127, Tervise ja Heaolu Infosüsteemide Keskus, 2020-02-16, "AKTSIASELTS HELMES", 54.00, "Terviseameti laborite infosüsteemi (TALIS) arendus- ja hooldustööd"
211127, Tervise ja Heaolu Infosüsteemide Keskus, 2020-02-11, "OÜ Quretec", 49.90, "Terviseameti laborite infosüsteemi (TALIS) arendus- ja hooldustööd"
211127, Tervise ja Heaolu Infosüsteemide Keskus, 2020-02-16, "AKTSIASELTS HELMES", 54.00, "Terviseameti laborite infosüsteemi (TALIS) arendus- ja hooldustööd"
211127, Tervise ja Heaolu Infosüsteemide Keskus, 2020-02-11, "OÜ Quretec", 49.90, "Terviseameti laborite infosüsteemi (TALIS) arendus- ja hooldustööd"
226860, Siseministeeriumi infotehnoloogia- ja arenduskeskus, 2020-11-02, "SRINI OÜ", 43200.00, "Menetlusinfosüsteemide arendaja ressursi ostmine"
222825, Rahandusministeeriumi Infotehnoloogiakeskus, 2020-11-04, "OÜ ADM Interactive", 1000000.00, "Veebide arendus- ja hooldusteenus"
228188, Veeteede Amet, 2020-11-04, "Osaühing ALPHAGIS", 39520.00, "ArcGIS tarkvara litsentside uuendamine ning ArcGIS tarkvara hooldus ja administreerimise tugi"
228188, Veeteede Amet, 2020-11-04, "Osaühing ALPHAGIS", 98353.00, "ArcGIS tarkvara litsentside uuendamine ning ArcGIS tarkvara hooldus ja administreerimise tugi"
226871, Tallinna Linnakantselei, 2020-11-05, "Aktsiaselts SPIN TEK", 397500.00, "Tallinna maatoimingute infosüsteemi loomine ning arendus-, hooldus- ja majutusteenus"
226736, Riigimetsa Majandamise Keskus, 2020-10-30, "Industry62 OÜ", 900000.00, "GE Smallworld platvormil ärirakenduste arendusteenus"
226736, Riigimetsa Majandamise Keskus, 2020-10-30, "Industry62 OÜ", 900000.00, "GE Smallworld platvormil ärirakenduste arendusteenus"
215675, Rahandusministeeriumi Infotehnoloogiakeskus, 2019-09-16, "DBAcc Estonia OÜ", 4321665.00, "Oracle Exadata Cloud at Customer andmebaasi tarkvara/teenus"
223967, Rahandusministeeriumi Infotehnoloogiakeskus, 2020-11-13, "Wisercat Estonia OÜ", 417000.00, "Aruantavate piiriüleste maksuskeemide deklaratsiooni (DAC6) arendustööd"
225462, Tervise Arengu Instituut, 2020-11-06, "Novater Solutions OÜ", 117000.00, "Tervise Arengu Instituudi veebilehtede arendus- ja hooldustööd"
225462, Tervise Arengu Instituut, 2020-10-28, "OÜ Web Expert", 78000.00, "Tervise Arengu Instituudi veebilehtede arendus- ja hooldustööd"
226699, Maanteeamet, 2020-11-16, "AS Signaal TM", 158752.00, "Liiklusloendusseadmete hooldus 2021-2023"
224154, Majandus- ja Kommunikatsiooniministeerium, 2020-09-07, "Future Insight", 265000.00, "BIM-põhise loamenetluse tarkvaralahenduse väljaarendamine"
224154, Majandus- ja Kommunikatsiooniministeerium, 2020-09-07, "Future Insight", 265000.00, "BIM-põhise loamenetluse tarkvaralahenduse väljaarendamine"
224154, Majandus- ja Kommunikatsiooniministeerium, 2020-09-07, "Future Insight", 265000.00, "BIM-põhise loamenetluse tarkvaralahenduse väljaarendamine"
224154, Majandus- ja Kommunikatsiooniministeerium, 2020-09-07, "Future Insight", 265000.00, "BIM-põhise loamenetluse tarkvaralahenduse väljaarendamine"
228002, Tallinna Linnaplaneerimise Amet, 2020-11-11, "Osaühing ALPHAGIS", 101620.00, "Tallinna Ruumiandmete registri hooldusteenus"
224369, Rahandusministeeriumi Infotehnoloogiakeskus, 2020-11-12, "AKTSIASELTS HELMES", 1250000.00, "Kogumisrakenduse tarkvara arendus- ja hooldusteenus"
227284, Tallinna Linnakantselei, 2020-11-19, "Tieto Estonia Aktsiaselts", 53820.00, "Linnatöötaja portaali majutusteenuse tellimine"
230158, Tallinna Tehnikaülikool, 2020-01-29, "Oracle East Central Europe Limited Eesti filiaal", 18500.00, "Oracle tehniline tugi"
229619, Tallinna Ettevõtlusamet, 2020-11-20, "Trinidad Wiseman OÜ", 115628.00, "Tallinna turismiturunduse infosüsteemi hooldus, arendus ja majutus"
226971, sihtasutus Tartu Ülikooli Kliinikum, 2020-11-23, "Nortal AS", 35880.00, "Eel- ja ärianalüüs insuldi- ja infarktihaigete haiglaravi digitaalseks juhtimiseks"
223526, Veeteede Amet, 2020-06-19, "Cybernetica AS", 89500.00, "GoFREP/AIS arendus"
229226, Tallinna Linnakantselei, 2020-11-25, "OÜ Geodata Arendus", 266000.00, "Tallinna jäätmevaldajate registri arendus-, majutus- ja hooldusteenus"
225526, Rahandusministeeriumi Infotehnoloogiakeskus, 2020-11-27, "Aktsiaselts Datel", 500000.00, "Riigi ja kohalike omavalitsuste planeeringute andmekogu arendus- ja hooldusteenus"
218564, Tervise ja Heaolu Infosüsteemide Keskus, 2020-11-24, "Secapp", 1200000.00, "Kaskaadteavituse infosüsteemi pilootlahenduse ja kasutuslitsentsi soetamine"
230368, Tartu Ülikool, 2020-11-27, "Osaühing Webware", 60000.00, "Elektroonilise dokumendihaldussüsteemi Webdesktop tarkvara hooldus- ja arendusteenuse tellimine"
229457, Riigi Infosüsteemi Amet, 2020-11-30, "Aktsiaselts Datel", 34603.65, "Vmware litsentside uuendamine"
229739, Rahandusministeeriumi Infotehnoloogiakeskus, 2020-12-01, "Osaühing ALPHAGIS", 29650.00, "ESRI-ArcGIS litsentside hooldus- ja tugiteenus"
227065, Riigikantselei, 2020-11-13, "SRINI OÜ", 80000.00, "Eelnõude infosüsteemi hooldus- ja arendustööd"
227348, Eesti Töötukassa, 2020-11-24, "Aktsiaselts BALTIC COMPUTER SYSTEMS", 70000.00, "Eesti Töötukassa identiteedihaldustarkvara Microsoft Identity Manager 2016 arendus- ja hooldustööd"
227149, Eesti Energia Aktsiaselts, 2020-10-15, "", , "Continuous development of the Enterprise Assets Management solution for the Large energy area of the Eesti Energia"
229629, Riigi Infosüsteemi Amet, 2020-12-04, "Telia Eesti AS", 26114.30, "Serverite ja bladeserverite paigaldusraamidele toeuuenduste pikendamine"
219059, Tallinna Linnakantselei, 2020-03-14, "KPMG Baltics OÜ", 40500.00, "Tallinna kinnisvarahalduse infosüsteemi äriinfotehnoloogilise analüüsi ja lähteülesande koostamine"
229730, Maanteeamet, 2020-12-09, "Dolm IT OÜ", 120000.00, "Üle-eestilise reisiplaneerija Peatus.ee analüüsi- ja arendustööd"
226971, sihtasutus Tartu Ülikooli Kliinikum, 2020-11-23, "Nortal AS", 35880.00, "Eel- ja ärianalüüs insuldi- ja infarktihaigete haiglaravi digitaalseks juhtimiseks"
227186, Sihtasutus Pärnu Haigla, 2020-12-17, "OÜ Web Expert", 53550.00, "SA Pärnu Haigla veebisaidi kaasajastamine"
229140, Enefit Wind OÜ, 2020-11-27, "", , "WWD-3 Storm Mode controller software update"
229418, Tervise ja Heaolu Infosüsteemide Keskus, 2020-12-19, "EST-POS OÜ", 100000.00, "ODOO majandustarkvara arendus- ja hooldustööd ning litsentside soetamine"
230537, Eesti Energia Aktsiaselts, , "", , "Kettamassiivide tootetoe teenuse ost"
231299, Aktsiaselts Tallinna Lennujaam, 2020-12-17, "", , "Ühtne teenuste haldamine"
230892, Keskkonnaministeeriumi Infotehnoloogiakeskus, 2020-12-18, "Ruumab OÜ", 57812.50, "MapInfo tarkvara tugiteenus"
230705, Siseministeeriumi infotehnoloogia- ja arenduskeskus, 2020-12-21, "AKTSIASELTS HELMES", 103923.32, "Progressi litsentsid ja tootetugi 2021. aastaks"
229644, Riigi Kaitseinvesteeringute Keskus, 2020-12-23, "OÜ Quretec", 88000.00, "Väljaõppe infosüsteemi BRONTOS 2.0 hoolduse ja toe hankimine"
219059, Tallinna Linnakantselei, 2020-03-14, "KPMG Baltics OÜ", 53425.00, "Tallinna kinnisvarahalduse infosüsteemi äriinfotehnoloogilise analüüsi ja lähteülesande koostamine"
228600, Eesti Töötukassa, 2020-12-21, "Feelingstream OÜ", 29500.00, "Eesti Töötukassa kliendikontaktide transkribeerimise, tekstianalüüsi ja tekstianalüüsi kasutajaliidese/tekstianalüüsi keskkonna hinnapäring"
230001, Põllumajanduse Registrite ja Informatsiooni Amet, 2020-12-28, "Santa Monica Networks AS", 34900.00, "Tulemüüri tarkvara uuendused ja tootetugi (2021)"
229607, Põllumajanduse Registrite ja Informatsiooni Amet, 2020-12-28, "Oracle East Central Europe Limited Eesti filiaal", 93986.79, "Oracle litsentside tootetoe ja uuenduste hankimine 2021. aastaks"
222043, Registrite ja Infosüsteemide Keskus, 2020-12-02, "Clarified Security OÜ", 300000.00, "E-teenuste, infosüsteemide ja võrgutaristu turvalisuse testimine turvavigade ja -nõrkuste suhtes"
229570, Veeteede Amet, 2020-12-02, "Osaühing ALPHAGIS", 27000.00, "ArcGIS tarkvaral põhinevate GIS teenuste arendustööd"
228414, Tallinna Transpordiamet, 2020-12-01, "Ridango AS", 388000.00, "Tallinn-Helsingi-Tartu ühistranspordi piletimüügi ristkasutuse võimaldamine Helsingi sõidukaartidega"
228086, Siseministeeriumi infotehnoloogia- ja arenduskeskus, , "", , "Progressi litsentsid ja tootetugi 2021. aastaks"
229101, Siseministeeriumi infotehnoloogia- ja arenduskeskus, 2020-12-03, "AS Atea", 37549.00, "SonarQube litsentsid koos tootetoega aastaks 2021"
226335, Majandus- ja Kommunikatsiooniministeerium, 2020-12-01, "Digiwise OÜ", 55140.00, "TTJA teenuste kasutusmugavuse- ja ärianalüüs"
226709, Riigi Infosüsteemi Amet, 2020-12-05, "RaulWalter OÜ", 1585000.00, "eID Baastarkvara arendus ja hooldus C++, 2021-2024"
201313, Tervise ja Heaolu Infosüsteemide Keskus, 2018-12-12, "Security Software OÜ", 305604.00, "Infosüsteemide turvasündmuste haldussüsteemi terviklahenduste soetamine"
229697, Rahandusministeeriumi Infotehnoloogiakeskus, 2020-12-07, "Oracle East Central Europe Limited Eesti filiaal", 106108.71, "Oracle litsentside tugiteenuse pikendamine"
227503, Keskkonnaministeeriumi Infotehnoloogiakeskus, 2020-12-04, "UEC OÜ", 54500.00, "⁠ „Katastri ja Eesti Topograafia Andmekogu sidumine“ ärianalüüs"
227060, Põllumajanduse Registrite ja Informatsiooni Amet, 2020-12-09, "OÜ Dator", 500000.00, "Tarkvara arhitektuuriteenuste tellimine"
229904, Rahandusministeeriumi Infotehnoloogiakeskus, 2020-12-10, "STATS Unities OÜ", 800000.00, "SAS tarkvarade tugiteenuste tellimine"
227602, Tallinna Transpordiamet, 2020-12-07, "PTV CEE Sp. z o.o.", 165450.00, "Tallinna linna erinevate liikumisviiside liiklusmudeli väljatöötamine"
229669, Riigi Infosüsteemi Amet, 2020-12-10, "Esecom International OÜ", 17546.20, "Kõnelahenduse MiCC Enterprise litsensid"
221627, E-riigi Akadeemia Sihtasutus, 2020-06-30, "Soft Xpansion Ukraine", 336028.00, "Riikliku dokumendihaldussüsteemi alamsüsteemi haldusteenuste keskuse automatiseerimise tarkvarakompleksi ehk infosüsteemi "Vulyk" uuendamise teenuste hange"
211418, E-riigi Akadeemia Sihtasutus, 2019-09-09, "iAdmin LLC", 384500.00, "KOV administratiivteenuste keskuste automatiseerimise tarkvara juurutus"
227720, E-riigi Akadeemia Sihtasutus, 2020-12-09, "FOP Serhiy Volodymyrovich Kostyuk", 27430.00, "Procurement of module test services for the upgraded EIS EB Subsystem at the Software Complex for Administrative Service Centre Information System
(IS Vulyk)"
226912, E-riigi Akadeemia Sihtasutus, 2020-10-25, "Cybernetica AS", 106666.67, "Procurement of services on support and maintenance for the Trembita system software"
229843, Eesti Energia Aktsiaselts, 2020-12-09, "", , "Microsoft Dynamics 365 litsentside rentimine"
226921, Keskkonnaministeeriumi Infotehnoloogiakeskus, 2020-11-19, "Vaisala OYj", 94560.00, "Tarkvaralitsentside hankimine Vaisala Observation Network Manager NM10 rakendusele./Procurement of software licenses for Vaisala Observation Network Manager NM10"
230112, Maanteeamet, 2020-12-16, "REGIO OÜ", 22000.00, "Tark Tee rakenduses kasutatava teekonna planeerimine ning aadressiandmete andmebaas ja selle uuendused"
231267, Riigi Infosüsteemi Amet, 2020-12-22, "Nortal AS", 2000000.00, "Valimiste infosüsteemi (VIS3) täiendavad arendustööd"
226048, Riigi Infosüsteemi Amet, 2020-12-23, "Avalanche Laboratory OÜ", 144000.00, "eID teadmusportaali (id.ee) arendus ja hooldus, 2020-2024"
226591, Tervise ja Heaolu Infosüsteemide Keskus, 2020-12-23, "OÜ TripleDev", 5000000.00, "Sotsiaalteenuste ja -toetuste andmeregistri arendustööd"
226591, Tervise ja Heaolu Infosüsteemide Keskus, 2020-12-23, "Iglu OÜ", 5000000.00, "Sotsiaalteenuste ja -toetuste andmeregistri arendustööd"
229365, Tervise ja Heaolu Infosüsteemide Keskus, 2020-12-21, "Telia Eesti AS", 38154.00, "VMWare tootetugede pikendamine"
229549, Siseministeeriumi infotehnoloogia- ja arenduskeskus, 2020-12-28, "Oracle East Central Europe Limited Eesti filiaal", 270529.00, "Oracle litsentside tootetugi 2021"
228011, Siseministeeriumi infotehnoloogia- ja arenduskeskus, 2020-12-28, "Osaühing GT Tarkvara", 214790.00, "Konfigureerimistarkvara litsentsid ja tootetugi"
228851, Tartu Ülikool, , "", , "PlanWise4Blue portaali arendamine"
229453, Tallinna Linnakantselei, 2020-12-29, "Telia Eesti AS", 1212966.00, "Koolide IT-haldusteenus"
231058, Eesti Rahvusringhääling, 2020-12-29, "Avid Technology International BV", 392697.00, "AVID riist- ja tarkvara tugiteenuste ostmine"
